object,unk_00,unk_01,x_offset,y_offset,unk_06,unk_08,vertical_offset,unk_0B,image,unk_0E
1,16,0,26,37,65284,29955,0,0,818,0
2,16,0,9,31,8706,39684,0,0,2473,0
3,16,0,9,31,58884,36865,0,0,2575,0
4,16,0,9,31,36870,40448,0,0,2460,0
5,16,0,14,20,12803,47364,0,0,1758,0
6,16,0,9,31,58375,48640,0,0,2474,0
7,16,0,6,26,44295,3330,0,0,2452,0
8,16,0,9,31,35845,1283,0,0,3605,0
9,16,0,14,48,25861,30979,0,0,2471,0
10,16,0,7,25,18946,39941,0,0,2461,0
11,16,0,11,32,59653,35841,0,0,2466,0
12,16,0,11,26,40196,24325,0,0,2426,0
13,16,0,8,24,10502,39937,0,0,3461,0
14,0,0,0,0,39427,45058,85,0,1736,0
49,16,0,33,53,13317,32259,0,0,3220,0
50,16,0,12,27,30210,15108,0,0,3690,0
51,16,0,17,47,51713,36610,0,0,2472,0
52,16,0,11,26,56066,63232,0,0,2408,0
53,16,0,12,34,1794,3330,0,0,2850,0
54,16,0,12,34,10242,3330,0,0,2850,0
55,16,0,18,41,58880,24577,0,0,2891,0
56,16,0,11,26,2305,23809,0,0,2434,0
57,16,0,9,31,9985,24577,0,0,2435,0
58,16,0,9,36,46594,65024,0,0,2409,0
59,16,0,11,26,38914,63232,0,0,2410,0
60,16,0,11,26,26373,50432,0,0,2411,0
61,16,0,9,32,59398,54017,0,0,2430,0
62,16,0,12,34,33280,32258,0,0,2852,0
63,16,0,11,34,775,54017,0,0,2853,0
64,16,0,11,33,8199,53761,0,0,2854,0
65,16,0,11,34,16903,53505,0,0,2855,0
66,16,0,11,34,26369,4098,0,0,2853,0
67,16,0,11,33,34561,3842,0,0,2854,0
68,16,0,11,34,43009,3586,0,0,2858,0
69,16,0,11,34,50945,3330,0,0,2859,0
70,16,0,11,34,59393,3330,0,0,2860,0
71,16,0,11,34,3072,2818,0,0,2861,0
72,16,0,9,36,42503,53505,0,0,2431,0
73,16,0,11,34,9984,3074,0,0,2861,0
74,16,0,14,47,10240,513,0,0,2022,0
75,16,0,11,26,18688,513,0,0,2432,0
76,16,0,11,26,27136,513,0,0,2433,0
77,16,0,11,26,35072,257,0,0,2423,0
78,16,0,11,26,43520,513,0,0,2434,0
79,16,0,11,26,51712,513,0,0,2412,0
80,16,0,11,26,59392,257,0,0,2414,0
81,16,0,7,25,30214,40704,0,0,2456,0
82,16,0,6,26,45827,64256,0,0,2453,0
83,16,0,6,26,14085,14339,0,0,2452,0
84,16,0,6,26,56068,41216,0,0,2452,0
85,16,0,6,26,64260,40960,0,0,2451,0
86,16,0,6,26,60166,40960,0,0,651,0
87,16,0,6,26,32770,33280,0,0,2452,0
88,16,0,6,26,51971,31488,0,0,2454,0
89,16,0,6,26,47108,39936,0,0,2451,0
90,16,0,7,25,54534,40448,0,0,650,0
91,16,0,6,26,5638,40960,0,0,651,0
92,16,0,6,26,55045,41472,0,0,651,0
94,16,0,6,26,38661,41216,0,0,651,0
95,16,0,6,26,12550,40704,0,0,2454,0
96,16,0,6,26,26116,65024,0,0,2454,0
97,16,0,6,26,20230,40704,0,0,651,0
98,16,0,6,26,14087,58112,0,0,2455,0
99,16,0,6,26,46597,40704,0,0,2451,0
100,16,0,6,26,53506,9988,0,0,2454,0
102,16,0,7,25,44033,38656,0,0,650,0
103,16,0,6,26,261,43264,0,0,2455,0
104,16,0,6,26,33796,50688,0,0,2455,0
105,16,0,7,25,12036,38144,0,0,650,0
106,16,0,35,47,45824,38404,0,0,1247,0
107,16,0,11,26,26115,2050,0,0,2412,0
108,16,0,11,26,35589,50432,0,0,2413,0
110,16,0,11,26,43269,50688,0,0,2414,0
111,16,0,11,26,51461,50432,0,0,2415,0
112,16,0,11,26,59397,50432,0,0,2416,0
113,16,0,11,26,2310,50432,0,0,2417,0
114,16,0,9,32,49158,29189,0,0,714,0
115,16,0,8,32,1540,58626,0,0,715,0
116,16,0,11,26,2561,257,0,0,2422,0
117,16,0,11,26,10753,257,0,0,2408,0
118,16,0,18,18,36354,28418,0,0,1478,0
119,16,0,11,26,18689,257,0,0,2422,0
120,16,0,11,32,22787,38912,0,0,2464,0
121,16,0,11,26,15874,18945,0,0,2558,0
122,16,0,11,26,26374,23808,0,0,2420,0
123,16,0,11,26,36352,35842,0,0,2421,0
124,16,0,11,34,18176,2818,0,0,2863,0
125,16,0,11,34,26368,3330,0,0,2863,0
126,16,0,11,34,34816,3330,0,0,2861,0
127,16,0,11,34,43008,3330,0,0,2858,0
128,16,0,12,34,51200,3586,0,0,2850,0
129,16,0,11,34,9985,3586,0,0,2863,0
130,16,0,11,34,18177,3586,0,0,2859,0
131,16,0,11,32,56071,39424,0,0,2463,0
132,16,0,11,32,22279,28928,0,0,2464,0
133,16,0,11,26,30983,28416,0,0,2422,0
134,16,0,11,26,39943,28416,0,0,2434,0
135,16,0,11,26,21255,37632,0,0,2421,0
136,16,0,11,26,30727,37632,0,0,2421,0
137,16,0,11,26,39431,37632,0,0,2412,0
138,16,0,11,32,47111,39168,0,0,2436,0
139,16,0,14,46,25861,1539,0,0,914,0
140,16,0,14,46,20739,26629,0,0,1412,0
141,16,0,11,26,15878,16132,0,0,2423,0
142,16,0,11,26,10758,50432,0,0,2424,0
143,16,0,11,32,52739,9732,0,0,2464,0
144,16,0,13,25,25093,55812,0,0,716,0
145,16,0,14,26,51461,46084,0,0,2570,0
146,16,0,15,33,19204,39685,0,0,1269,0
147,16,0,20,55,20992,41984,0,5,2572,0
148,16,0,12,24,13315,40448,0,0,649,0
149,16,0,9,32,48389,10500,0,0,718,0
150,16,0,9,32,59398,5892,0,0,2778,0
151,16,0,9,32,34306,42757,0,0,722,0
152,16,0,9,36,38912,59650,0,0,691,0
153,16,0,9,36,46592,59394,0,0,691,0
154,16,0,9,36,6912,60162,0,0,691,0
155,16,0,9,36,26368,50946,0,0,691,0
156,16,0,11,34,25607,53505,0,0,2853,0
157,16,0,11,34,59143,3586,0,0,2859,0
158,16,0,8,31,46592,4100,0,0,719,0
159,16,0,9,32,58369,1541,0,0,720,0
160,16,0,11,26,19206,50688,0,0,2425,0
161,16,0,11,26,43008,61184,0,0,2420,0
162,16,0,11,34,50951,53249,0,0,2863,0
163,16,0,9,31,18946,28676,0,0,721,0
164,16,0,11,32,55554,22277,0,0,2464,0
165,16,0,11,26,55552,17922,0,0,2419,0
166,16,0,11,26,47616,8962,0,0,2412,0
167,16,0,11,26,43267,16387,0,0,2433,0
168,16,0,6,26,9221,35073,0,0,2453,0
169,16,0,11,26,2309,35329,0,0,2426,0
170,16,0,9,32,51203,34821,0,0,2430,0
171,16,0,7,25,56064,64516,0,0,2456,0
172,16,0,9,31,55296,59138,0,0,2468,0
173,16,0,9,31,22275,35589,0,0,2467,0
174,16,0,28,59,44547,32258,0,0,1160,0
175,16,0,24,55,19714,19971,0,0,1161,0
176,16,0,0,0,57348,31233,0,0,745,0
177,16,0,11,34,1799,3330,0,0,2853,0
178,16,0,11,34,9991,3330,0,0,2860,0
179,16,0,11,34,18183,3586,0,0,2859,0
183,16,0,12,34,26631,3842,0,0,2852,0
185,16,0,11,26,7173,63488,0,0,2427,0
186,16,0,6,21,20741,59392,0,0,747,0
187,16,0,11,26,25601,257,0,0,2422,0
190,16,0,11,26,50949,34305,0,0,2420,0
191,16,0,31,52,57344,24324,0,0,1617,0
192,16,0,11,26,42754,3330,0,0,2427,0
195,16,0,9,31,16903,33280,0,0,2474,0
196,16,0,9,31,22535,16898,0,0,2438,0
197,16,0,14,41,53760,22016,0,0,3866,0
198,16,0,14,46,36103,12289,0,0,914,0
199,16,0,14,46,45575,58116,0,0,1412,0
200,16,0,11,26,22785,58882,0,0,2427,0
201,16,0,11,26,30977,58882,0,0,2427,0
202,16,0,11,26,39169,58626,0,0,2427,0
203,16,0,11,26,47105,58626,0,0,2427,0
204,16,0,11,32,55297,60418,0,0,2428,0
205,16,0,11,32,63233,60418,0,0,2428,0
206,16,0,11,32,5890,60418,0,0,2428,0
207,16,0,11,32,14338,60418,0,0,2428,0
208,16,0,11,26,22530,58370,0,0,2427,0
209,16,0,11,26,30978,58370,0,0,2427,0
210,16,0,11,26,39426,58370,0,0,2427,0
211,16,0,11,32,47106,60418,0,0,2428,0
212,16,0,11,32,55042,60418,0,0,2428,0
213,16,0,11,32,63746,60418,0,0,2428,0
214,16,0,14,49,62465,23042,0,0,2469,0
215,16,0,14,48,515,26626,0,0,2470,0
217,16,0,14,49,38917,62721,0,0,2469,0
218,16,0,14,48,11777,34307,0,0,2469,0
220,16,0,11,34,50946,4354,0,0,2858,0
221,16,0,12,34,59394,4354,0,0,2850,0
222,16,0,11,34,2307,4354,0,0,2861,0
223,16,0,9,31,45829,64258,0,0,3605,0
224,16,0,11,26,55813,62466,0,0,3606,0
225,16,0,18,18,37888,29952,0,0,1475,0
226,16,0,18,18,14337,52224,0,0,1476,0
227,16,0,30,60,9729,14082,0,0,1479,0
228,16,0,11,26,38918,34306,0,0,2457,0
229,16,0,19,44,14086,52994,0,0,849,0
230,16,0,18,18,56322,55809,0,0,1477,0
235,16,0,9,31,34304,43781,0,0,2458,0
236,16,0,11,26,55555,64512,0,0,2415,0
237,16,0,15,50,18433,24321,0,0,2429,0
238,16,0,11,26,26881,23041,0,0,2414,0
239,16,0,11,26,35329,23809,0,0,2423,0
240,16,0,11,32,43009,24577,0,0,2436,0
241,16,0,14,50,51201,24577,0,0,2437,0
242,16,0,11,26,59137,24577,0,0,2419,0
243,16,0,15,50,2050,25089,0,0,2429,0
244,16,0,9,31,10498,24321,0,0,2438,0
245,16,0,11,32,18178,25089,0,0,2436,0
246,16,0,9,31,26626,24577,0,0,2438,0
249,16,0,15,50,34818,25345,0,0,2429,0
250,16,0,11,26,43266,24065,0,0,2434,0
253,16,0,11,26,51458,23809,0,0,2408,0
254,16,0,11,26,59650,24321,0,0,2412,0
256,16,0,11,32,2051,26113,0,0,2436,0
257,16,0,11,26,10499,24321,0,0,2439,0
258,16,0,11,26,18691,24577,0,0,2419,0
259,16,0,11,26,26883,25089,0,0,2422,0
260,16,0,11,26,35075,24833,0,0,2414,0
261,16,0,11,32,42755,26369,0,0,2436,0
262,16,0,12,24,17668,12035,0,0,2573,0
263,16,0,11,26,45062,7684,0,0,2427,0
264,16,0,9,31,6144,7427,0,0,2435,0
274,16,0,15,50,40448,37376,0,0,2429,0
275,16,0,11,26,37376,27392,0,0,2475,0
276,16,0,11,26,35584,25088,0,0,2415,0
277,16,0,11,32,7428,62468,0,0,2436,0
279,16,0,15,29,13570,3844,0,0,2577,0
280,16,0,10,29,22018,3588,0,0,2578,0
286,16,0,12,34,51459,54785,0,0,2852,0
288,16,0,45,49,5890,29188,0,0,3613,0
289,16,0,10,29,65281,20228,0,0,3612,0
290,16,0,11,26,19717,45824,0,0,2420,0
292,16,0,11,26,35328,34819,0,0,2422,0
293,16,0,11,26,43520,34563,0,0,2419,0
294,16,0,11,26,51712,34307,0,0,2415,0
295,16,0,11,26,59904,34563,0,0,2558,0
296,16,0,9,31,18432,35075,0,0,2435,0
297,16,0,9,31,26880,35331,0,0,2435,0
299,16,0,15,50,26886,50176,0,0,2429,0
300,16,0,11,26,2817,40192,0,0,25,0
301,16,0,9,31,12545,41216,0,0,448,0
302,16,0,9,29,34304,41472,0,0,592,0
303,16,0,8,30,40448,41984,0,0,593,0
304,16,0,9,36,51201,41472,0,0,691,0
305,16,0,8,37,57345,41728,0,0,599,0
306,16,0,9,32,41729,40960,0,0,780,0
307,16,0,9,31,33025,41216,0,0,779,0
308,16,0,15,49,12034,44544,0,0,598,0
309,16,0,14,47,1794,44032,0,0,692,0
310,16,0,6,26,48896,40960,0,0,594,0
311,16,0,7,25,57088,40704,0,0,595,0
312,16,0,11,32,23297,41472,0,0,596,0
313,16,0,17,30,21762,41472,0,0,3917,0
320,16,0,9,36,22016,60162,0,0,691,0
321,16,0,9,36,30976,59650,0,0,691,0
322,16,0,9,36,54528,59394,0,0,691,0
323,16,0,9,36,62720,59394,0,0,691,0
324,16,0,9,36,6145,59394,0,0,691,0
325,16,0,9,36,14593,59650,0,0,691,0
326,16,0,11,26,60166,35073,0,0,2476,0
359,16,0,11,28,40960,36099,0,0,2526,0
360,16,0,0,0,30209,23556,0,0,2479,0
365,16,0,11,26,6656,17923,0,0,2414,0
366,16,0,11,26,6403,54531,0,0,2414,0
367,16,0,11,32,55552,19459,0,0,2428,0
368,16,0,11,26,47104,17667,0,0,2427,0
369,16,0,11,26,64000,17923,0,0,2425,0
370,16,0,15,50,6145,20227,0,0,2429,0
371,16,0,11,32,14337,19459,0,0,2428,0
372,16,0,9,31,62209,32005,0,0,2458,0
373,16,0,9,31,1538,32005,0,0,2459,0
374,16,0,9,31,13314,52228,0,0,2459,0
375,16,0,9,31,17922,52484,0,0,2458,0
378,16,0,14,22,23557,15873,0,0,3170,0
379,16,0,20,54,4103,24577,0,0,3777,0
380,16,0,20,54,20231,24577,0,0,3778,0
381,16,0,20,54,38151,24577,0,0,3779,0
400,16,0,14,20,60418,12549,0,0,1756,0
401,16,0,23,22,8450,27141,0,0,2554,0
403,16,0,24,41,47616,32261,0,0,2555,0
404,16,0,24,41,62208,32005,0,0,2555,0
405,16,0,24,41,12033,31749,0,0,2555,0
406,16,0,16,34,55553,10501,0,0,1754,0
407,16,0,16,34,770,10501,0,0,1754,0
409,16,0,18,52,59649,31237,0,0,2557,0
414,16,0,23,40,23296,12293,0,0,693,0
415,16,0,26,47,34307,30213,0,0,3312,0
416,16,0,18,41,34816,35073,0,0,2891,0
418,16,0,16,50,25089,11525,0,0,1753,0
419,16,0,16,50,34817,10757,0,0,1753,0
420,16,0,14,22,38400,40706,0,0,2540,0
422,16,0,9,29,20741,8965,0,0,2538,0
423,16,0,14,22,13829,8965,0,0,2540,0
424,16,0,17,40,42501,10245,0,0,1881,0
425,16,0,25,37,30725,10245,0,0,915,0
426,16,0,25,41,59396,7941,0,0,2405,0
427,16,0,18,52,20740,10501,0,0,2557,0
428,16,0,17,40,33028,8965,0,0,1881,0
429,16,0,25,37,44292,7685,0,0,915,0
430,16,0,28,63,7936,26373,0,0,269,0
432,16,0,25,31,47362,12037,0,0,2844,0
433,16,0,25,31,31492,14337,0,0,1755,0
434,16,0,25,31,47619,55299,0,0,2843,0
436,16,0,25,31,50695,48384,0,0,2847,0
437,16,0,25,31,4615,60162,0,0,2846,0
438,16,0,25,31,35842,11781,0,0,2845,0
439,16,0,16,41,42496,35073,0,0,2885,0
441,16,0,19,44,40448,11525,0,0,849,0
444,16,0,8,10,15361,21252,0,0,1759,0
445,16,0,14,30,19200,25857,0,0,1268,0
446,16,0,14,20,18692,64512,0,0,1756,0
447,16,0,14,20,8196,64512,0,0,1756,0
451,16,0,14,46,51712,10501,0,0,914,0
454,16,0,18,41,47364,16387,0,0,2891,0
456,16,0,6,26,38144,34053,0,0,2451,0
458,16,0,11,26,33026,32005,0,0,2419,0
459,16,0,7,25,42498,34053,0,0,2462,0
460,16,0,11,26,25602,46853,0,0,2422,0
461,16,0,25,31,41222,49664,0,0,2895,0
464,16,0,25,31,54534,59392,0,0,2849,0
465,16,0,29,61,48134,47618,0,0,787,0
466,16,0,11,26,37634,8452,0,0,2417,0
467,16,0,25,31,63235,7172,0,0,1755,0
468,16,0,9,31,32774,51714,0,0,2459,0
469,16,0,11,26,55297,32257,0,0,2457,0
470,16,0,11,26,64259,62976,0,0,2427,0
471,16,0,15,31,47361,24322,0,0,1249,0
472,16,0,9,31,42752,43524,0,0,2459,0
473,16,0,9,31,50944,44036,0,0,2459,0
474,16,0,9,31,56064,47876,0,0,2459,0
475,16,0,9,31,34816,31237,0,0,2459,0
476,16,0,9,31,35077,64257,0,0,2458,0
477,16,0,9,31,30469,64513,0,0,2459,0
478,16,0,11,26,57093,56578,0,0,2457,0
479,16,0,9,31,30469,31488,0,0,2435,0
480,16,0,11,26,23557,29952,0,0,2417,0
481,16,0,15,50,14341,40192,0,0,2429,0
482,16,0,11,26,64004,63744,0,0,2539,0
490,16,0,11,26,14592,6147,0,0,2419,0
491,16,0,11,26,23040,6915,0,0,2476,0
492,16,0,15,50,30720,7939,0,0,2429,0
493,16,0,11,32,39424,7683,0,0,2436,0
494,16,0,23,35,54786,27141,0,0,2554,0
496,16,0,11,32,8707,15617,0,0,2463,0
498,16,0,9,31,12289,29957,0,0,2435,0
499,16,0,14,50,47360,8195,0,0,2437,0
500,16,0,10,29,6404,46338,0,0,3612,0
501,16,0,11,26,14596,42241,0,0,2414,0
502,16,0,11,26,37120,7682,0,0,2414,0
503,16,0,11,26,50945,16129,0,0,2414,0
504,16,0,11,26,14592,17923,0,0,2427,0
505,16,0,11,26,10499,46851,0,0,2427,0
506,16,0,11,26,18436,49921,0,0,2427,0
507,16,0,11,26,29696,7170,0,0,2427,0
509,16,0,15,50,22528,20227,0,0,2429,0
510,16,0,15,50,59394,64771,0,0,2429,0
511,16,0,15,50,22532,44033,0,0,2429,0
514,16,0,11,32,30720,19715,0,0,2428,0
515,16,0,11,32,18435,60419,0,0,2428,0
516,16,0,11,32,18436,38657,0,0,2428,0
518,16,0,11,32,62977,23553,0,0,2428,0
519,16,0,11,26,38912,17667,0,0,2427,0
520,16,0,12,29,23559,48130,0,0,3597,0
521,16,0,7,19,35584,30213,0,0,2537,0
522,16,0,14,46,62208,9477,0,0,1412,0
523,16,0,15,37,29441,33285,0,0,2556,0
525,16,0,8,10,53251,24065,0,0,1759,0
526,16,0,8,10,61699,23297,0,0,1759,0
527,16,0,17,40,2052,24321,0,0,2890,0
528,16,0,17,41,10500,24321,0,0,2889,0
529,16,0,8,10,18948,24321,0,0,1759,0
531,16,0,16,41,26628,24321,0,0,2888,0
532,16,0,8,10,34052,23809,0,0,1759,0
533,16,0,17,41,43012,24577,0,0,2887,0
534,16,0,18,41,51716,24577,0,0,2891,0
535,16,0,16,41,59652,24577,0,0,2885,0
536,16,0,8,10,2053,24065,0,0,1759,0
537,16,0,16,42,9989,24321,0,0,2884,0
538,16,0,18,41,18693,24065,0,0,2891,0
539,16,0,8,10,26885,24577,0,0,1759,0
540,16,0,27,51,8192,32517,0,0,2394,0
541,16,0,28,63,36612,32773,0,0,3314,0
542,16,0,18,41,34565,24321,0,0,2891,0
543,16,0,16,41,42501,24065,0,0,2885,0
544,16,0,18,41,51205,24065,0,0,2891,0
545,16,0,23,35,23554,27141,0,0,2554,0
547,16,0,13,63,57603,32773,0,0,3313,0
548,16,0,16,34,12034,11781,0,0,1754,0
549,16,0,16,50,44033,11269,0,0,1753,0
550,16,0,14,20,7171,13061,0,0,1757,0
551,16,0,14,20,19203,12549,0,0,1758,0
553,16,0,14,28,54273,28677,0,0,2345,0
554,16,0,31,58,55296,54533,0,0,2403,0
556,16,0,9,31,27648,32261,0,0,2536,0
557,16,0,0,0,52738,6917,0,0,2727,0
558,16,0,0,0,20995,16901,0,0,2772,0
559,0,0,12,23,54535,28416,0,0,3238,0
560,16,0,27,58,24327,25349,0,0,2783,0
561,16,0,26,47,25860,35075,0,0,3312,0
562,16,0,30,50,4,40960,0,0,788,0
566,16,0,26,20,33542,48387,0,0,3855,0
567,16,0,9,31,21761,32005,0,0,3893,0
569,16,0,19,36,7684,9477,0,0,2395,0
600,16,0,0,0,46593,6148,0,0,2390,0
601,16,0,0,0,6658,5380,0,0,3899,0
602,16,0,0,0,15618,3332,0,0,3898,0
603,16,0,0,0,57088,8196,0,0,2082,0
604,16,0,0,0,58625,8708,0,0,3531,0
605,16,0,0,0,32512,8196,0,0,2240,0
606,16,0,0,0,21504,5636,0,0,2238,0
607,16,0,0,0,769,8964,0,0,2237,0
608,16,0,0,0,15361,7172,0,0,2321,0
609,0,0,3,3,41984,9220,0,0,2296,0
610,16,0,0,0,8192,8708,0,0,2076,0
611,16,0,0,0,768,7940,0,0,2075,0
612,16,0,0,0,25601,8708,0,0,2910,0
614,16,0,0,0,49152,8196,0,0,2081,0
615,16,0,0,0,15104,7428,0,0,2078,0
628,16,0,20,16,14849,20992,0,0,919,0
629,16,0,6,5,2306,10244,0,0,2242,0
630,16,0,0,0,2048,40708,0,0,2314,0
631,16,0,0,0,9472,41732,0,0,2031,0
632,16,0,0,0,16128,41732,0,0,2315,0
633,16,0,0,0,24320,41732,0,0,2028,0
634,16,0,0,0,33280,41988,0,0,2316,0
635,16,0,0,0,50176,42500,0,0,2035,0
636,16,0,0,0,52224,36868,0,0,3900,0
637,16,0,0,0,41728,41988,0,0,3534,0
642,16,0,0,0,58371,57861,0,0,3919,0
645,16,0,0,0,25089,41732,0,0,2034,0
646,16,0,0,0,32513,41220,0,0,2317,0
647,16,0,0,0,42497,41732,0,0,2318,0
648,16,0,0,0,49921,42244,0,0,2032,0
650,16,0,0,0,57601,41220,0,0,2319,0
651,16,0,0,0,8962,41732,0,0,2198,0
652,16,0,0,0,62465,38660,0,0,3533,0
653,16,0,0,0,12546,39172,0,0,3901,0
660,16,0,0,0,47874,40452,0,0,2320,0
661,16,0,0,0,56322,39684,0,0,2239,0
662,16,0,0,0,259,40964,0,0,2322,0
663,16,0,0,0,7939,41220,0,0,2323,0
664,16,0,0,0,33539,37636,0,0,3734,0
665,16,0,0,0,16131,40964,0,0,2324,0
666,16,0,0,0,22019,37636,0,0,2325,0
675,16,0,0,0,1536,48900,0,0,2326,0
680,16,0,31,26,16640,56068,0,0,1275,0
681,16,0,0,0,16384,49924,0,0,2033,0
682,16,0,16,24,25858,53252,0,0,2389,0
683,16,0,3,4,34049,58880,0,0,3948,0
684,16,0,0,0,772,57861,0,0,3920,0
685,16,0,0,0,6404,57605,0,0,3921,0
686,16,0,0,0,19716,57093,0,0,3923,0
687,16,0,0,0,64772,55813,0,0,3931,0
688,16,0,0,0,13572,58117,0,0,3922,0
689,16,0,0,0,25348,57861,0,0,3924,0
690,16,0,0,0,38149,58373,0,0,3937,0
700,16,0,0,0,8451,8452,0,0,2307,0
701,16,0,2,3,16899,8708,0,0,2084,0
702,16,0,0,0,32259,8196,0,0,2308,0
704,16,0,0,0,41730,9732,0,0,2079,0
705,16,0,0,0,49410,9220,0,0,2080,0
706,16,0,0,0,55810,8452,0,0,2236,0
730,16,0,0,0,2560,33028,0,0,1168,0
733,16,0,0,0,26112,34052,0,0,2309,0
734,16,0,0,0,33280,33796,0,0,2026,0
746,16,0,0,0,16385,33028,0,0,1169,0
747,16,0,0,0,25345,33540,0,0,2197,0
748,16,0,0,0,32769,33028,0,0,2312,0
760,16,0,0,0,8450,32772,0,0,2027,0
761,16,0,0,0,15874,33028,0,0,2195,0
762,16,0,0,0,24066,33796,0,0,2313,0
776,16,0,0,0,54533,57349,0,0,3949,0
790,16,0,0,0,32256,49668,0,0,2165,0
791,16,0,0,0,41472,49924,0,0,2199,0
801,16,0,0,0,15879,16388,0,0,3950,0
802,16,0,0,0,26368,8705,0,0,1038,0
803,16,0,0,0,37376,8193,0,0,1039,0
804,16,0,0,0,45824,8705,0,0,1040,0
805,16,0,6,9,9990,19460,0,0,3946,0
810,16,0,0,0,16387,16644,0,0,2328,0
811,16,0,0,0,43779,16388,0,0,2608,0
812,16,0,0,0,24579,16388,0,0,2331,0
813,16,0,0,0,38403,16388,0,0,2333,0
814,16,0,0,0,32515,16388,0,0,2332,0
815,16,0,0,0,16900,16644,0,0,2330,0
816,16,0,0,0,44804,16644,0,0,2606,0
817,16,0,0,0,25092,16644,0,0,2337,0
818,16,0,0,0,39172,16644,0,0,2339,0
819,16,0,0,0,33284,16644,0,0,2338,0
820,16,0,0,0,49155,16388,0,0,2329,0
821,16,0,0,0,9988,16388,0,0,2607,0
822,16,0,0,0,57603,16132,0,0,2334,0
823,16,0,0,0,4868,16388,0,0,2336,0
824,16,0,0,0,4,16388,0,0,2335,0
825,16,0,0,0,49412,17156,0,0,2241,0
830,16,0,4,7,63492,19460,0,0,3410,0
831,16,0,6,11,9991,19716,0,0,2158,0
833,16,0,0,0,32772,57349,0,0,3925,0
834,16,0,0,0,37380,57605,0,0,3926,0
835,16,0,0,0,42244,57605,0,0,3927,0
836,16,0,0,0,58372,57349,0,0,3930,0
837,16,0,0,0,49924,57861,0,0,3928,0
840,16,0,0,0,56836,17156,0,0,3409,0
841,16,0,0,0,773,16900,0,0,3532,0
842,16,0,7,15,2055,20228,0,0,2159,0
843,16,0,6,15,59654,20484,0,0,2163,0
844,16,0,0,0,54532,58629,0,0,3929,0
850,16,0,7,13,23814,19716,0,0,3953,0
851,16,0,7,13,17670,19972,0,0,3952,0
852,16,0,7,13,51205,19972,0,0,2162,0
853,16,0,7,13,37891,65024,0,0,2157,0
900,16,0,8,15,2816,60419,0,0,1483,0
901,16,0,8,15,11008,60931,0,0,1483,0
902,16,0,8,15,18688,61187,0,0,1483,0
903,16,0,8,15,27392,60675,0,0,1483,0
904,16,0,8,15,35584,60931,0,0,1483,0
905,16,0,4,5,50944,60675,0,0,2340,0
906,16,0,4,5,55040,60419,0,0,2340,0
907,16,0,4,5,59136,60419,0,0,2340,0
908,16,0,10,6,1281,59907,0,0,2341,0
909,16,0,10,6,9217,59651,0,0,2341,0
910,16,0,8,15,43776,60931,0,0,1483,0
950,16,0,3,5,41474,52224,0,0,921,0
951,16,0,0,0,46593,59139,0,0,2053,0
952,16,0,0,0,42241,58627,0,0,2052,0
953,16,0,0,0,34305,58883,0,0,2051,0
954,16,0,0,0,50689,58627,0,0,2054,0
955,16,0,0,0,8962,58115,0,0,2057,0
956,16,0,0,0,4610,57603,0,0,2056,0
957,16,0,0,0,1282,57859,0,0,2055,0
958,16,0,0,0,13058,57859,0,0,2058,0
959,16,0,0,0,42242,59139,0,0,2061,0
960,16,0,0,0,46594,59139,0,0,2062,0
961,16,0,0,0,38658,59139,0,0,2060,0
962,16,0,0,0,34306,58883,0,0,2059,0
963,16,0,0,0,50435,58627,0,0,2067,0
964,16,0,0,0,45827,58627,0,0,2066,0
965,16,0,0,0,54531,58883,0,0,2342,0
966,16,0,0,0,41987,58627,0,0,2065,0
967,16,0,0,0,771,58883,0,0,2063,0
968,16,0,0,0,4867,58371,0,0,2064,0
969,16,0,7,15,10755,62211,0,0,2068,0
970,16,0,0,0,16643,57603,0,0,2069,0
1002,16,0,30,63,24068,16132,0,0,1187,0
1003,16,0,29,47,32516,64258,0,0,738,0
1013,16,0,12,24,46593,24320,0,0,2574,0
1014,16,0,30,59,59398,20992,0,0,2832,0
1015,16,0,21,57,7431,54016,0,0,2901,0
1017,16,0,31,52,34817,36611,0,0,3542,0
1088,16,0,30,58,7687,52996,0,0,2920,0
1217,16,0,13,23,47107,3,0,0,2700,0
1300,16,0,14,35,50691,52736,0,0,927,0
1301,16,0,6,36,64771,52736,0,0,928,0
1302,16,0,10,26,12804,53248,0,0,929,0
1304,16,0,10,36,25604,52736,0,0,930,0
1305,16,0,10,26,14087,26880,0,0,931,0
1306,16,0,10,36,14338,28160,0,0,932,0
1307,16,0,14,35,51456,22785,0,0,933,0
1308,16,0,10,36,26624,23809,0,0,934,0
1309,16,0,14,35,59392,15876,0,0,935,0
1310,16,0,10,26,49152,15876,0,0,936,0
1311,16,0,6,36,38660,18692,0,0,937,0
1312,16,0,10,26,12805,23811,0,0,938,0
1313,16,0,10,36,6405,34562,0,0,939,0
1314,16,0,10,26,8710,15105,0,0,940,0
1315,16,0,17,26,15109,52736,0,0,941,0
1316,16,0,23,58,32768,44292,0,0,2830,0
1317,16,0,0,0,49669,47360,0,0,648,0
1318,16,0,23,38,37632,40965,0,0,1603,0
1319,16,0,22,33,26375,48643,0,0,2821,0
1320,18,0,31,63,34052,16129,0,0,21,0
1322,16,0,0,0,8448,19970,0,0,1344,0
1323,16,0,0,0,24576,19714,0,0,1345,0
1324,16,0,0,0,40960,19714,0,0,1346,0
1325,16,0,0,0,58112,19458,0,0,1347,0
1326,16,0,0,0,8449,19970,0,0,1348,0
1327,16,0,0,0,25601,19714,0,0,1349,0
1328,16,0,0,0,42241,19458,0,0,1350,0
1329,16,0,0,0,58881,19714,0,0,1351,0
1330,16,0,0,0,9730,19458,0,0,1352,0
1331,16,0,0,0,25858,19714,0,0,1353,0
1332,16,0,0,0,42242,19458,0,0,1354,0
1333,16,0,0,0,59138,19458,0,0,1355,0
1334,16,0,0,0,28678,12295,0,0,1356,0
1335,16,0,13,23,32262,24583,0,0,1357,0
1337,16,0,8,28,22784,36864,0,0,944,0
1338,16,0,20,52,44807,20738,0,0,917,0
1339,16,0,10,63,53504,42498,0,0,3511,0
1343,16,0,28,21,39941,47874,0,0,1602,0
1344,16,0,16,59,40705,19714,0,0,1608,0
1501,0,0,18,63,32513,29954,0,0,1,0
1502,0,0,16,9,48385,22018,0,0,2,0
1600,16,0,0,0,37380,19715,0,0,3689,0
1601,16,0,8,12,16384,17920,0,0,639,0
1603,16,0,7,15,10244,40704,0,0,638,0
1604,16,0,0,0,7683,62720,0,0,1580,0
1605,16,0,8,15,4352,20228,0,0,2102,0
1607,16,0,7,13,50433,19716,0,0,2109,0
1608,16,0,7,10,55553,19972,0,0,2297,0
1609,16,0,0,0,57344,16132,0,0,2104,0
1610,16,0,0,0,48896,16900,0,0,2103,0
1611,16,0,8,3,26368,18692,0,0,2106,0
1612,16,0,0,0,32257,15876,0,0,2107,0
1613,16,0,0,0,40449,16132,0,0,2108,0
1615,16,0,0,0,2050,16388,0,0,3685,0
1616,16,0,0,0,16897,16132,0,0,2105,0
1617,16,0,0,0,20737,16132,0,0,2298,0
1618,16,0,0,0,25089,16132,0,0,2299,0
1619,16,0,7,13,61697,19972,0,0,2300,0
1620,16,0,0,0,1,16132,0,0,2301,0
1621,16,0,0,0,4353,16132,0,0,2302,0
1622,16,0,8,15,11520,19972,0,0,2303,0
1623,16,0,8,15,18432,20484,0,0,2304,0
1624,16,0,8,3,34816,18692,0,0,2305,0
1625,16,0,8,3,42752,18436,0,0,2306,0
1626,16,0,0,0,9730,15876,0,0,3686,0
1627,16,0,0,0,17410,16132,0,0,3687,0
1628,16,0,0,0,25346,16132,0,0,3688,0
1700,16,0,24,28,57858,52992,0,0,922,0
1701,16,0,25,28,8195,52736,0,0,923,0
1702,16,0,0,0,32772,62720,0,0,1570,0
1703,16,0,5,8,52231,36609,0,0,742,0
1704,16,0,7,13,30212,23555,0,0,3683,0
1705,16,0,10,10,34050,36353,0,0,3944,0
1708,16,0,5,11,34304,17152,0,0,641,0
1709,16,0,7,11,5893,24325,0,0,643,0
1711,16,0,18,18,36866,33794,0,0,1482,0
1712,16,0,7,12,49922,64513,0,0,1481,0
1713,16,0,9,10,38663,36353,0,0,1182,0
1904,16,0,0,0,20739,61696,0,0,3681,0
1906,16,0,32,58,45062,10754,0,0,2921,0
1907,16,0,32,58,36871,14849,0,0,2921,0
1908,16,0,32,63,57345,16128,0,0,2897,0
1909,16,0,30,61,60932,516,0,0,1582,0
1911,16,0,30,62,47874,50949,0,0,1584,0
1914,0,0,0,0,64774,55042,0,0,1298,0
1915,0,0,0,0,14343,55042,0,0,1299,0
1916,0,0,0,0,64774,1795,0,0,1300,0
1917,0,0,0,0,14343,1795,0,0,1301,0
1918,0,0,0,0,10501,57089,0,0,1302,0
1919,0,0,0,0,30469,57089,0,0,1303,0
1920,0,0,0,0,47109,57089,0,0,1304,0
1921,0,0,0,0,65285,56833,0,0,1305,0
1922,16,0,0,0,61446,0,0,0,1186,0
1923,16,0,0,0,41223,39426,0,0,1185,0
1924,16,0,29,64,36103,16384,0,0,1180,0
1926,16,0,0,0,20484,41221,0,0,1177,0
1927,16,0,29,49,33537,31237,0,0,947,0
1928,16,0,29,51,33795,10754,0,0,948,0
1929,16,0,28,34,37635,30211,0,0,949,0
1930,16,0,24,64,18179,16385,0,0,1086,0
1931,16,0,31,51,45313,29440,0,0,3675,0
1932,16,0,64,64,9987,37379,0,0,1088,0
1933,16,0,0,64,9987,37379,0,0,1089,0
1937,16,0,31,64,22535,24836,0,0,1093,0
1938,16,0,14,20,25347,48129,0,0,1579,0
1939,16,0,0,0,16132,19202,0,0,1572,0
1941,16,0,0,0,6659,57345,0,0,2284,0
1942,16,0,0,0,24323,57345,0,0,2285,0
1943,16,0,0,0,39939,56833,0,0,2286,0
1944,16,0,0,0,57091,56833,0,0,2287,0
1945,0,0,29,47,15108,3842,0,0,2288,0
1946,0,0,29,47,32772,3586,0,0,2289,0
1947,0,0,29,50,48388,4610,0,0,2290,0
1948,0,0,29,50,517,4610,0,0,2291,0
2200,16,0,0,0,5888,34563,0,0,2346,0
2201,16,0,6,15,32004,40448,0,0,646,0
2202,16,0,6,15,36613,21249,0,0,647,0
2203,16,0,6,15,38916,40192,0,0,646,0
2204,16,0,10,3,12800,29697,0,0,2194,0
2206,16,0,0,0,17665,51461,0,0,1094,0
2207,16,0,0,0,16385,49413,0,0,1095,0
2208,16,0,0,0,19713,53509,0,0,1096,0
2209,16,0,11,15,20228,17409,0,0,3780,0
2210,16,0,12,15,58370,17412,0,0,3781,0
2211,16,0,12,15,46855,44288,0,0,3782,0
2212,16,0,12,15,32771,17156,0,0,3783,0
2214,16,0,10,15,22016,38915,0,0,3878,0
2215,16,0,10,15,53249,48129,0,0,3879,0
2216,16,0,0,0,58881,7427,0,0,2533,0
2217,16,0,0,0,35584,31488,0,0,2782,0
2218,16,0,0,0,46852,57602,0,0,2779,0
2219,16,0,0,0,2821,58370,0,0,2780,0
2220,16,0,0,0,25860,55554,0,0,2728,0
2225,16,0,6,10,43010,31236,0,0,3785,0
2226,16,0,8,7,59393,62212,0,0,3786,0
2231,16,0,28,21,22787,48386,0,0,2827,0
2232,16,0,29,21,49920,40707,0,0,2826,0
2233,16,0,17,21,61953,44290,0,0,2825,0
2250,16,0,0,0,25863,28417,0,0,2566,0
2251,16,0,14,33,52231,43520,0,0,3509,0
2252,16,0,0,0,5379,28674,0,0,2559,0
2253,16,0,32,42,23303,19970,0,0,3519,0
2254,16,0,5,4,10243,35330,0,0,2014,0
2400,16,0,32,64,26372,37379,0,0,1091,0
2403,16,0,15,42,30722,56065,0,0,696,0
2411,16,0,11,64,7427,32769,0,0,1097,0
2412,16,0,20,55,9731,46849,0,0,3479,0
2413,16,0,11,64,29187,32769,0,0,1097,0
2414,16,0,20,55,31491,46337,0,0,3479,0
2415,16,0,11,64,7683,16386,0,0,1097,0
2416,16,0,20,55,9987,30210,0,0,3479,0
2421,16,0,31,56,8708,32005,0,0,952,0
2423,16,0,32,64,47623,37123,0,0,1102,0
2429,16,0,11,64,42497,53250,0,0,1105,0
2430,16,0,20,55,44801,1795,0,0,3480,0
2431,16,0,11,64,52481,20482,0,0,1106,0
2432,16,0,20,55,54785,34306,0,0,3481,0
2433,16,0,11,64,27396,37121,0,0,1107,0
2434,16,0,20,55,29700,50433,0,0,3482,0
2435,16,0,32,64,62981,16898,0,0,1108,0
2437,16,0,32,64,38661,36867,0,0,1109,0
2439,16,0,11,64,27142,57347,0,0,1110,0
2440,16,0,20,55,29446,5380,0,0,3483,0
2445,16,0,3,49,15877,27393,0,0,1308,0
2446,16,0,3,20,15877,32513,0,0,3488,0
2447,16,0,3,49,40197,20224,0,0,1308,0
2448,16,0,3,20,40197,25344,0,0,3488,0
2449,16,0,3,52,31235,15873,0,0,1310,0
2450,16,0,4,52,31235,29185,0,0,1311,0
2451,16,0,3,52,6659,15873,0,0,1310,0
2452,16,0,4,52,6659,29185,0,0,1311,0
2453,16,0,22,50,15363,57344,0,0,1312,0
2454,16,0,22,50,24323,57344,0,0,3489,0
2455,16,0,3,49,61445,15617,0,0,1308,0
2456,16,0,3,20,61445,20737,0,0,3488,0
2467,16,0,15,41,22278,35841,0,0,2904,0
2469,16,0,16,63,50438,32768,0,0,3553,0
2471,16,0,16,63,45061,45056,0,0,3553,0
2483,16,0,15,41,46343,48128,0,0,697,0
2485,16,0,0,40,2817,51717,0,0,323,0
2486,16,0,9,40,10241,51717,0,0,324,0
2493,16,0,15,41,772,44036,0,0,698,0
2495,16,0,15,41,22022,15109,0,0,697,0
2497,16,0,15,41,16647,45829,0,0,2903,0
2499,16,0,15,41,47879,45829,0,0,2903,0
2505,16,0,20,59,14082,5635,0,0,3369,0
2770,16,0,0,0,30981,14597,0,0,3647,0
2951,16,0,34,63,17152,40708,0,0,699,0
2953,16,0,0,0,28929,49920,0,0,710,0
2954,16,0,23,41,16391,3330,0,0,700,0
2955,16,0,1,0,32007,49666,0,0,711,0
2958,0,0,31,26,7936,7424,0,0,1314,0
2959,16,0,20,20,22531,52736,0,0,924,0
2960,16,0,0,0,36352,50176,0,0,705,0
2961,16,0,0,0,44800,49664,0,0,706,0
2962,16,0,6,14,4353,52736,0,0,707,0
2963,16,0,0,0,47362,11777,0,0,1484,0
2964,16,0,0,0,30722,12545,0,0,1485,0
2965,16,0,0,0,39170,13825,0,0,1486,0
2966,16,0,0,0,40194,19457,0,0,1487,0
2967,16,0,0,0,52226,15105,0,0,1488,0
2968,16,0,0,0,27906,25345,0,0,1489,0
2969,16,0,0,0,51970,25089,0,0,1490,0
2970,16,0,0,0,39426,26113,0,0,1491,0
2971,16,0,13,42,38914,11009,0,0,1514,0
2972,16,0,13,41,25861,63488,0,0,2477,0
2973,16,0,31,58,59139,14336,0,0,701,0
2974,16,0,31,58,10247,54018,0,0,702,0
2975,0,0,14,14,18176,40192,0,0,447,0
2976,0,0,12,13,7424,39680,0,0,446,0
2977,16,0,0,0,31236,62210,0,0,2731,0
2978,16,0,14,18,62209,19461,0,0,746,0
2979,16,0,0,0,43782,32001,0,0,1592,0
2980,16,0,14,62,30471,11010,0,0,723,0
2981,0,0,0,0,2561,58370,0,0,624,0
2982,0,0,0,0,18945,60674,0,0,625,0
2984,16,0,18,26,62724,13827,0,0,2781,0
2986,16,0,21,37,63491,26115,0,0,703,0
2987,16,0,7,12,1795,39936,0,0,3669,0
2988,16,0,6,15,1540,36097,0,0,3670,0
2994,16,0,0,0,51718,4612,0,0,2016,0
3000,16,0,31,36,40192,30981,0,0,1715,0
3001,16,0,23,38,55040,40709,0,0,2985,0
3002,16,0,18,35,50944,30981,0,0,2983,0
3005,16,0,6,15,25603,18178,0,0,1934,0
3006,16,0,28,54,15619,17666,0,0,2446,0
3008,16,0,13,26,32773,27905,0,0,1192,0
3009,16,0,21,36,62214,16130,0,0,1172,0
3010,16,0,20,47,26118,15618,0,0,1171,0
3011,16,0,23,54,51715,19713,0,0,1170,0
3014,16,0,0,0,23552,50176,0,0,704,0
3015,16,0,10,16,55814,61440,0,0,1162,0
3016,16,0,4,11,21511,36097,0,0,2450,0
3017,16,0,0,0,33794,50180,0,0,2449,0
3018,16,0,6,9,32260,20994,0,0,743,0
3019,16,0,0,0,46852,25091,0,0,3743,0
3026,16,0,16,59,38404,36098,0,0,3037,0
3027,16,0,0,0,13830,35841,0,0,1597,0
3028,16,0,0,0,262,35585,0,0,1598,0
3029,16,0,0,0,5382,35585,0,0,1599,0
3030,16,0,0,0,22534,35585,0,0,1600,0
3031,16,0,18,30,46855,12034,0,0,2999,0
3032,16,0,16,37,46855,52738,0,0,3000,0
3033,16,0,15,53,53511,40194,0,0,3823,0
3034,16,0,9,15,51463,24322,0,0,3046,0
3036,16,0,30,54,27393,28161,0,0,3047,0
3037,16,0,30,18,27393,32769,0,0,3048,0
3038,16,0,26,63,14082,38401,0,0,3058,0
3039,16,0,24,24,13570,44801,0,0,1601,0
3040,16,0,32,56,7686,60162,0,0,1716,0
3041,16,0,16,63,64260,51201,32,0,1717,0
3042,16,0,17,63,21255,51457,32,0,1718,0
3043,0,0,19,40,21767,53505,0,0,3010,0
3044,0,0,28,47,62980,55297,0,0,3191,0
3045,16,0,31,56,7942,54016,0,0,1719,0
3046,0,0,26,63,62469,63490,0,0,3006,0
3047,0,0,25,21,62981,3587,0,0,3007,0
3048,0,0,24,28,19206,4099,0,0,3009,0
3058,16,0,32,43,38662,41986,0,0,3424,0
3072,16,0,7,10,46343,36097,0,0,1183,0
3073,16,0,24,24,62471,39681,0,0,1184,0
3078,16,0,7,15,18435,19457,0,0,2928,0
3079,16,0,5,8,17927,22017,0,0,2929,0
3080,16,0,23,63,26627,65284,0,0,481,0
3081,16,0,31,63,32257,53253,0,0,477,0
3082,16,0,15,63,56836,40964,0,0,478,0
3083,16,0,7,63,62980,40964,0,0,479,0
3084,16,0,15,63,3589,40964,0,0,480,0
3085,16,0,6,10,24327,18689,0,0,2930,0
3086,16,0,0,0,39941,40960,0,0,2931,0
3087,16,0,0,0,61445,49152,0,0,2932,0
3088,16,0,0,0,40453,59136,0,0,2934,0
3089,16,0,0,0,49925,58112,0,0,2933,0
3090,16,0,0,0,8195,28677,0,0,2998,0
3091,16,0,0,0,14080,56837,0,0,1609,0
3093,16,0,21,46,13574,45569,0,0,1720,0
3094,16,0,15,47,1030,58369,0,0,1721,0
3095,16,0,15,62,17158,57601,0,0,1722,0
3096,16,0,17,47,4358,46849,0,0,1723,0
3100,16,0,0,0,40448,49665,0,0,1276,0
3102,16,0,0,0,1793,51201,0,0,1278,0
3103,16,0,0,0,12545,51713,0,0,1279,0
3104,16,0,7,8,26881,51713,0,0,1280,0
3106,16,0,0,0,41985,49409,0,0,1282,0
3108,16,0,0,0,61697,49665,0,0,1284,0
3109,16,0,28,26,9728,11265,0,0,1359,0
3110,16,0,28,26,9728,19457,0,0,1360,0
3111,0,0,31,26,38145,14083,0,0,1315,0
3112,0,0,31,26,65281,58370,0,0,1316,0
3113,0,0,31,26,3075,7168,0,0,1317,0
3114,0,0,31,26,19971,7168,0,0,1318,0
3119,16,0,0,0,14083,40452,0,0,648,0
3120,16,0,5,13,50693,12803,0,0,1288,0
3121,16,0,31,26,57600,31491,0,0,1320,0
3123,16,0,10,17,17923,37379,0,0,1322,0
3124,16,0,0,0,19714,27141,0,0,1323,0
3125,16,0,0,0,23814,54017,0,0,1324,0
3126,16,0,0,0,20743,24320,0,0,1361,0
3128,16,0,0,0,32002,65024,0,0,1325,0
3129,16,0,9,18,58371,54529,0,0,2398,0
3131,16,0,33,53,40453,28421,0,0,946,0
3132,16,0,0,0,24833,58627,0,0,926,0
3134,16,0,0,0,63745,14337,0,0,1044,0
3135,16,0,0,0,47361,14337,0,0,1043,0
3136,16,0,0,0,30209,14849,0,0,1042,0
3137,16,0,0,0,16642,9985,0,0,1045,0
3138,16,0,0,0,32002,13825,0,0,1046,0
3139,16,0,0,0,48386,13569,0,0,1047,0
3140,16,0,0,0,58882,8705,0,0,1048,0
3141,0,0,27,22,7936,7168,0,0,1111,0
3142,16,0,0,0,10243,8193,0,0,1049,0
3143,16,0,24,40,16642,59394,0,0,1112,0
3145,16,0,24,41,44800,23552,0,0,1113,0
3146,16,0,13,63,43271,50180,0,0,951,0
3147,16,0,0,0,37380,38145,0,0,918,0
3150,16,0,20,47,62209,16385,0,0,3384,0
3200,16,0,13,42,59394,24065,0,0,1501,0
3201,16,0,13,42,22786,36609,0,0,1502,0
3202,16,0,13,37,59394,36609,0,0,1503,0
3203,16,0,13,40,22786,24321,0,0,1504,0
3204,16,0,13,39,34818,24321,0,0,1506,0
3205,16,0,13,37,34818,61184,0,0,1507,0
3206,16,0,13,39,34818,36609,0,0,1508,0
3207,16,0,13,37,47106,24321,0,0,1509,0
3208,16,0,13,37,47106,60928,0,0,1510,0
3209,16,0,13,39,47106,36609,0,0,1511,0
3210,16,0,13,39,47362,48896,0,0,1512,0
3211,16,0,9,25,24070,60674,0,0,533,0
3212,16,0,7,14,62465,50944,0,0,1575,0
3213,16,0,0,0,31751,48640,0,0,1589,0
3214,16,0,27,34,27392,58882,0,0,629,0
3215,16,0,14,32,13057,6658,0,0,630,0
3217,16,0,13,40,22530,61184,0,0,2440,0
3218,16,0,13,25,22530,48896,0,0,2444,0
3220,16,0,13,42,9734,65024,0,0,2442,0
3221,16,0,6,15,14341,64000,0,0,2441,0
3222,16,0,9,26,18182,64512,0,0,2443,0
3223,16,0,18,18,36610,8706,0,0,1515,0
3224,16,0,0,0,50434,48641,0,0,2478,0
3225,16,0,4,17,50949,63232,0,0,2576,0
3226,16,0,20,43,17924,65282,0,0,2730,0
3227,16,0,31,56,11270,40453,0,0,1251,0
3228,16,0,20,43,24838,37637,0,0,2701,0
3229,16,0,8,15,2562,53253,0,0,1483,0
3230,16,0,21,37,52738,51713,0,0,703,0
3231,16,0,0,0,57601,51717,0,0,3094,0
3232,16,0,0,0,1538,52485,0,0,3095,0
3233,16,0,0,0,60673,47621,0,0,3096,0
3234,16,0,0,0,10242,45829,0,0,3097,0
3235,16,0,0,0,11778,35333,0,0,3098,0
3236,0,0,39,63,49924,63232,0,0,3107,0
3237,0,0,28,63,769,46592,0,0,3108,0
3238,0,0,5,33,62976,51456,0,0,3109,0
3239,0,0,32,52,1793,60160,0,0,1259,0
3240,16,0,34,51,54784,52224,0,0,1513,0
3241,16,0,0,0,7,4867,0,0,3444,0
3242,16,0,0,0,15879,4099,0,0,3445,0
3243,16,0,0,0,33286,40709,0,0,3872,0
3244,0,0,11,53,10503,4867,0,0,3446,0
3245,16,0,0,0,2050,1026,0,0,3447,0
3246,16,0,2,63,42244,19201,0,0,3692,0
3247,16,0,2,63,42753,30723,0,0,3448,0
3248,16,0,31,56,64771,2819,0,0,2729,0
3249,16,0,14,54,24071,62464,0,0,2465,0
3250,16,0,18,18,12289,35074,0,0,1587,0
3251,16,0,0,0,29955,62720,0,0,1267,0
3254,16,0,7,13,5376,21506,0,0,3895,0
3258,0,0,24,24,56071,7424,0,0,1615,0
3259,0,0,24,24,56327,15360,0,0,1616,0
3260,16,0,0,0,36868,60162,0,0,744,0
3261,16,0,27,45,16388,26368,0,0,729,0
3262,16,0,28,45,20998,3841,0,0,730,0
3264,16,0,0,0,28932,11011,0,0,1258,0
3265,0,0,34,63,25349,50689,0,0,2935,0
3266,0,0,16,63,37125,49921,0,0,2936,0
3267,0,0,34,49,25093,63489,0,0,2937,0
3268,0,0,14,46,36357,61953,0,0,2938,0
3269,0,0,35,63,33796,26882,0,0,2939,0
3270,0,0,16,63,45060,26114,0,0,2940,0
3271,0,0,32,46,32516,38914,0,0,2941,0
3272,0,0,20,43,45828,37378,0,0,2942,0
3273,0,0,0,0,35332,29954,0,0,2943,0
3274,0,0,35,63,36868,60161,0,0,2944,0
3275,0,0,27,63,50692,61441,0,0,2945,0
3276,0,0,42,30,38148,2562,0,0,2946,0
3277,0,0,16,34,47876,4866,0,0,2947,0
3278,0,0,0,0,48644,57089,0,0,2948,0
3279,0,0,36,63,23814,3,0,0,2949,0
3280,0,0,24,63,37126,3331,0,0,2950,0
3281,0,0,13,19,16134,5123,0,0,2960,0
3282,0,0,13,43,30982,11267,0,0,2961,0
3283,0,0,9,32,35334,11779,0,0,2951,0
3284,0,0,0,0,17158,61442,0,0,2952,0
3285,0,0,36,63,21253,6659,0,0,2953,0
3286,0,0,32,63,19973,23043,0,0,2954,0
3287,0,0,40,43,23045,34307,0,0,2955,0
3288,0,0,6,63,29701,23043,0,0,2956,0
3289,0,0,4,31,30213,30979,0,0,2957,0
3290,0,0,25,63,34821,13827,0,0,2958,0
3291,0,0,30,63,39173,30211,0,0,2959,0
3300,16,0,0,0,21761,25859,0,0,814,0
3301,16,0,11,25,41223,56577,0,0,803,0
3305,16,0,25,45,61441,64513,0,0,794,0
3306,16,0,29,60,40965,32517,0,0,1010,0
3307,16,0,8,20,50944,43781,0,0,807,0
3308,16,0,31,20,48388,40451,0,0,810,0
3309,16,0,31,21,20992,33794,0,0,809,0
3310,0,0,0,0,43012,28675,0,0,2966,0
3311,16,0,3,14,12289,28677,0,0,799,0
3312,16,0,31,24,30208,53762,0,0,797,0
3313,16,0,4,22,28417,7684,0,0,817,0
3314,16,0,31,22,11264,32514,0,0,798,0
3316,16,0,3,14,26627,12035,0,0,799,0
3317,16,0,8,16,12291,31233,0,0,806,0
3318,16,0,8,20,32256,38149,0,0,807,0
3319,16,0,0,0,17924,8453,0,0,800,0
3320,16,0,6,10,40961,33794,0,0,816,0
3321,16,0,0,0,32516,8453,0,0,2213,0
3322,16,0,30,17,21509,38403,0,0,804,0
3323,16,0,31,21,45828,26883,0,0,805,0
3327,16,0,6,16,4870,25603,0,0,1751,0
3328,16,0,7,23,21507,33026,0,0,1746,0
3329,16,0,13,29,51456,30213,0,0,795,0
3330,16,0,0,0,39936,28933,0,0,3154,0
3331,16,0,7,12,8963,35072,0,0,1747,0
3334,0,0,30,63,51461,30723,0,0,1752,0
3335,16,0,20,27,38403,33026,0,0,1749,0
3336,16,0,7,14,2054,27651,0,0,1744,0
3337,16,0,0,0,33025,8962,0,0,3219,0
3339,0,0,21,15,21767,28933,0,0,2784,0
3341,0,0,22,57,3077,60673,0,0,3428,0
3342,0,0,27,61,14341,60161,0,0,3429,0
3500,16,0,7,13,24324,39680,0,0,645,0
3501,16,0,9,20,59648,40453,0,0,644,0
3502,16,0,0,0,516,37632,0,0,611,0
3504,16,0,0,0,20743,44035,0,0,619,0
3506,16,0,7,13,775,23556,0,0,3057,0
3507,16,0,0,0,59395,37632,0,0,618,0
3508,16,0,27,63,34055,59907,0,0,623,0
3509,16,0,11,20,48384,45313,0,0,1578,0
3510,16,0,10,19,45056,34561,0,0,1576,0
3511,16,0,10,19,27398,62976,0,0,1577,0
3514,16,0,16,30,26112,36613,0,0,1327,0
3515,16,0,7,13,7172,55041,0,0,1290,0
3519,16,0,27,43,23556,36354,0,0,612,0
3520,16,0,23,34,43780,38402,0,0,614,0
3521,16,0,27,41,30468,31234,0,0,616,0
3525,16,0,27,43,11011,42240,0,0,613,0
3526,16,0,23,34,28163,41728,0,0,615,0
3527,16,0,27,41,46595,42752,0,0,617,0
3530,16,0,0,0,62978,19971,0,0,789,0
3533,16,0,0,0,48389,47620,0,0,2569,0
3534,16,0,31,55,22533,12545,0,0,173,0
3535,16,0,29,62,20736,54275,0,0,221,0
3536,16,0,30,61,23808,15876,0,0,224,0
3537,16,0,30,61,55808,41732,0,0,227,0
3538,16,0,29,62,36864,62211,0,0,220,0
3539,16,0,30,61,17408,31748,0,0,223,0
3540,16,0,30,61,14081,44292,0,0,226,0
3541,16,0,29,62,56576,56067,0,0,219,0
3542,16,0,30,61,37376,48900,0,0,222,0
3543,16,0,30,61,16385,62979,0,0,225,0
3545,16,0,0,0,42247,50947,0,0,620,0
3546,16,0,0,0,32007,61187,0,0,621,0
3550,16,0,12,24,17924,22784,0,0,1880,0
4001,16,0,0,0,40960,26880,0,0,727,0
4002,16,0,28,62,19719,18948,0,0,728,0
4004,16,0,0,0,16130,13314,0,0,725,0
4005,16,0,0,0,39169,12546,0,0,726,0
4008,16,0,0,0,8453,36864,0,0,1573,0
4009,16,0,0,0,22020,26112,0,0,1574,0
4010,16,0,12,24,1538,18178,0,0,1879,0
4400,0,0,25,55,20227,3,0,0,3609,0
4401,16,0,0,0,17153,53248,0,0,1252,0
4402,16,0,0,0,33280,41984,0,0,1253,0
4403,16,0,0,0,11009,38912,0,0,1254,0
4404,16,0,0,0,60416,3841,0,0,1255,0
4405,16,0,0,0,12801,28928,0,0,1256,0
4406,16,0,0,0,45824,13313,0,0,1257,0
4407,16,0,15,19,22272,57089,0,0,1516,0
4408,16,0,18,18,22273,28162,0,0,1260,0
4412,16,0,10,10,17159,6401,0,0,1179,0
4413,16,0,5,11,35072,19458,0,0,1492,0
4414,16,0,5,8,57856,3074,0,0,1493,0
4415,16,0,4,10,58624,14594,0,0,1494,0
4416,16,0,4,10,59904,29186,0,0,1495,0
4417,16,0,5,13,43008,22530,0,0,1496,0
4418,16,0,5,11,39168,10754,0,0,1497,0
4419,16,0,6,11,35072,514,0,0,1498,0
4420,0,0,14,18,22018,26626,0,0,3610,0
4441,16,0,12,23,27907,30722,0,0,3568,0
4442,16,0,11,20,47107,30210,0,0,3569,0
4443,16,0,13,23,55299,30210,0,0,3570,0
4444,16,0,8,22,62979,30722,0,0,3571,0
4445,16,0,8,22,5636,31234,0,0,3572,0
4446,16,0,13,28,16899,35074,0,0,3573,0
4447,16,0,0,0,58118,14852,0,0,3567,0
5000,16,0,17,54,18438,61700,0,0,1362,0
5002,16,0,27,50,59651,36613,0,0,1328,0
5003,16,0,20,59,5124,33536,0,0,1364,0
5004,16,0,20,60,1541,38656,0,0,1365,0
5005,16,0,17,63,51717,38144,0,0,1366,0
5006,16,0,21,62,35079,29186,0,0,1367,0
5007,16,0,21,62,48391,31746,0,0,1368,0
5008,16,0,21,62,60679,35330,0,0,3742,0
5009,16,0,21,62,51975,23298,0,0,3741,0
5010,16,0,21,62,30982,31747,0,0,1371,0
5014,16,0,29,31,33287,40962,0,0,3776,0
5022,16,0,19,59,23299,17925,0,0,1329,0
5023,16,0,26,61,59651,19205,0,0,1330,0
5024,0,0,16,60,23043,37381,0,0,1331,0
5025,16,0,16,56,41987,9989,0,0,1332,0
5026,16,0,29,29,44803,50437,0,0,1333,0
5027,16,0,26,49,31232,65280,0,0,1334,0
5028,16,0,14,20,42502,53761,0,0,1335,0
5030,16,0,32,39,12039,36096,0,0,1336,0
5031,16,0,15,63,19463,5121,0,0,1337,0
5032,16,0,0,0,46080,58625,0,0,1338,0
5033,16,0,25,20,4353,63749,0,0,1339,0
5034,16,0,18,42,19718,55810,0,0,3119,0
5035,16,0,18,63,7938,25090,0,0,1383,0
5036,16,0,23,62,258,38402,0,0,1384,0
5037,16,0,20,63,33794,29186,0,0,1385,0
5038,16,0,24,63,44034,53506,0,0,1386,0
5039,16,0,24,62,32514,41986,0,0,1387,0
5040,16,0,24,63,24834,58114,0,0,1388,0
5041,16,0,22,62,16642,46850,0,0,1389,0
5044,16,0,10,45,36359,31233,0,0,2777,0
5048,16,0,9,32,6150,49157,0,0,942,0
5049,16,0,9,32,63492,45317,0,0,943,0
5050,16,0,7,8,5638,47616,0,0,1051,0
5051,16,0,7,8,54277,53504,0,0,1052,0
5052,16,0,7,8,3078,1793,0,0,1053,0
5053,16,0,7,9,53253,5633,0,0,1054,0
5054,16,0,6,9,40199,32000,0,0,1055,0
5055,16,0,7,9,49415,40448,0,0,1056,0
5056,16,0,1,8,32259,12801,0,0,1057,0
5057,16,0,1,8,47875,12545,0,0,1058,0
5058,16,0,1,8,65027,12545,0,0,1059,0
5059,16,0,1,8,15876,12289,0,0,1060,0
5060,16,0,3,9,33028,12033,0,0,1061,0
5061,16,0,1,8,50692,12033,0,0,1062,0
5062,16,0,1,8,1541,12033,0,0,1063,0
5064,16,0,21,50,42247,58112,0,0,1115,0
5065,16,0,21,50,3591,11521,0,0,1116,0
5066,16,0,0,0,48640,29185,0,0,1117,0
5069,16,0,6,15,44547,9730,0,0,1120,0
5070,16,0,6,15,44547,17154,0,0,1121,0
5071,16,0,6,15,44803,25090,0,0,1122,0
5074,16,0,32,63,37891,65025,0,0,1125,0
5075,0,0,27,21,22528,6912,0,0,1126,0
5080,16,0,26,38,53767,11009,0,0,1130,0
5081,16,0,31,33,11520,24065,0,0,1131,0
5082,16,0,26,38,28160,23809,0,0,1132,0
5083,16,0,7,9,20998,60418,0,0,1064,0
5084,16,0,6,9,34566,515,0,0,1065,0
5085,16,0,7,8,55302,60418,0,0,1066,0
5086,16,0,6,9,21510,6659,0,0,1067,0
5087,16,0,7,10,11015,44035,0,0,1068,0
5088,16,0,6,9,32263,44547,0,0,1069,0
5089,16,0,11,10,38406,47875,0,0,1070,0
5090,16,0,11,10,48646,52227,0,0,1071,0
5091,16,0,11,10,44550,58371,0,0,1072,0
5092,16,0,11,10,39430,53763,0,0,1073,0
5093,16,0,11,10,47622,47107,0,0,1074,0
5094,16,0,11,10,38918,61187,0,0,1075,0
5095,16,0,11,10,17925,11777,0,0,1076,0
5096,16,0,26,38,45568,23553,0,0,1133,0
5098,16,0,20,34,4101,40453,0,0,3343,0
5099,16,0,11,30,32772,57093,0,0,1135,0
5100,16,0,6,9,40451,33540,0,0,1077,0
5101,16,0,6,9,17155,37893,0,0,1078,0
5102,16,0,24,40,2051,21765,0,0,1136,0
5103,16,0,30,50,52485,44800,0,0,1137,0
5104,16,0,16,37,18950,15363,0,0,1138,0
5105,16,0,6,9,65028,39937,0,0,1079,0
5106,16,0,2,63,63491,3844,0,0,1139,0
5107,16,0,6,9,11266,10757,0,0,1080,0
5108,16,0,30,50,20226,25860,0,0,1140,0
5109,16,0,27,37,30215,50692,0,0,950,0
5110,16,0,28,36,2565,52480,0,0,957,0
5111,0,0,19,31,5120,8192,0,0,956,0
5112,16,0,8,8,18433,51456,0,0,1390,0
5113,16,0,8,8,10241,59648,0,0,1391,0
5114,16,0,8,8,10756,18690,0,0,1392,0
5115,16,0,8,8,27396,18946,0,0,1393,0
5116,16,0,8,8,43780,19202,0,0,1394,0
5117,16,0,8,8,51456,55296,0,0,1395,0
5118,16,0,8,8,43264,63744,0,0,1396,0
5119,16,0,8,8,60420,19202,0,0,1397,0
5120,16,0,8,8,12293,19458,0,0,1398,0
5121,16,0,8,8,2305,18689,0,0,1399,0
5122,16,0,8,8,29445,19970,0,0,1400,0
5123,16,0,8,8,2305,34817,0,0,1401,0
5124,16,0,8,8,46853,19458,0,0,1402,0
5125,16,0,8,8,59392,43009,0,0,1403,0
5126,16,0,8,8,63749,19714,0,0,1404,0
5127,16,0,8,8,43265,34817,0,0,1405,0
5128,16,0,8,8,15110,19458,0,0,1406,0
5129,16,0,8,8,31494,19202,0,0,1407,0
5130,16,0,8,8,47622,19458,0,0,1408,0
5131,16,0,8,8,51457,2306,0,0,1409,0
5132,16,0,8,8,64262,19458,0,0,1410,0
5133,16,0,8,8,15623,19202,0,0,1411,0
5134,16,0,23,9,14598,9217,0,0,1341,0
5135,16,0,20,26,11014,32001,0,0,1342,0
5136,0,0,31,63,56576,20228,0,0,1241,0
5137,0,0,31,63,8967,26113,0,0,1242,0
5138,0,0,31,63,26887,25857,0,0,1243,0
5139,16,0,31,63,45319,25857,0,0,1244,0
5140,16,0,7,63,1281,20228,0,0,1159,0
5141,16,0,15,63,17414,26369,0,0,1236,0
5142,16,0,15,63,63237,26369,0,0,1234,0
5143,16,0,15,63,27654,26369,0,0,1237,0
5144,16,0,15,63,37894,26113,0,0,1238,0
5145,16,0,15,63,48646,26113,0,0,1239,0
5146,16,0,15,63,7430,26369,0,0,1235,0
5147,16,0,15,63,59654,25857,0,0,1240,0
5152,16,0,0,0,14337,29697,0,0,2894,0
5153,16,0,14,35,6402,55298,0,0,2927,0
5155,16,0,0,0,53760,36864,0,0,3945,0
5156,16,0,18,31,55809,15104,0,0,2962,0
5157,16,0,22,34,55809,24064,0,0,2963,0
5158,16,0,0,0,24064,40449,0,0,2707,0
5159,16,0,5,8,18178,44033,0,0,3359,0
5160,16,0,5,8,26370,44033,0,0,3360,0
5161,16,0,6,9,34818,44289,0,0,3361,0
5162,16,0,5,9,42754,44545,0,0,3362,0
5163,16,0,9,22,10242,45057,0,0,3363,0
5164,16,0,8,19,22532,41221,0,0,3364,0
5165,16,0,7,11,20485,11013,0,0,1134,0
5166,16,0,15,46,58884,54788,32,0,3231,0
5167,16,0,15,46,6661,54788,32,0,3231,0
5168,16,0,15,46,20229,54788,32,0,3231,0
5169,16,0,15,46,33541,54788,32,0,3231,0
5170,16,0,15,46,47365,54788,32,0,3231,0
5171,16,0,20,54,34822,51971,0,0,3356,0
5172,16,0,34,63,31750,8451,0,0,3357,0
5173,16,0,34,63,34822,15619,0,0,3358,0
5174,0,0,11,51,38149,58114,0,0,3897,0
5175,0,0,27,30,6662,12803,0,0,3298,0
5176,16,0,5,29,43271,57860,0,0,3478,0
5177,16,0,23,50,30727,32001,0,0,945,0
5178,0,0,15,46,27399,26114,32,0,3896,0
5179,16,0,29,63,62465,61956,0,0,3310,0
5500,16,0,0,0,17409,33795,0,0,3476,0
5501,16,0,0,0,13313,33539,0,0,3477,0
5505,0,0,9,17,26624,45059,0,0,3659,0
5506,16,0,0,0,18944,34053,0,0,3660,0
5507,16,0,30,50,22531,5123,0,0,3661,0
5508,16,0,12,15,18944,59397,0,0,3662,0
5509,2,0,17,32,42240,60416,0,0,3218,0
5510,16,0,0,0,36865,26373,0,0,3663,0
5511,16,0,0,0,64768,29955,0,0,3664,0
5512,16,0,0,0,8705,33283,0,0,3475,0
5513,0,0,30,43,18177,61440,0,0,3665,0
5514,16,0,18,38,20737,32768,0,0,3667,0
5515,16,0,31,41,62722,49153,0,0,3738,0
5520,16,0,18,53,26630,49154,0,0,3668,0
5800,16,0,34,39,29184,51716,0,0,2492,0
5801,16,0,10,16,15616,28928,0,0,2493,0
5802,16,0,33,30,33792,45568,0,0,3733,0
5803,16,0,12,29,34823,56581,0,0,2498,0
5804,16,0,9,20,28673,7171,0,0,2499,0
5805,16,0,32,64,44033,33285,0,0,2500,0
5806,16,0,0,0,45058,1280,0,0,2501,0
5807,16,0,12,16,21248,29188,0,0,2502,0
5808,16,0,6,15,22020,61699,0,0,2503,0
5809,16,0,7,13,50183,32261,0,0,2504,0
5810,16,0,12,16,55301,56579,0,0,2505,0
5811,16,0,6,15,2563,65029,0,0,2506,0
5812,16,0,7,13,52999,52738,0,0,2507,0
5813,16,0,12,16,34819,34307,0,0,2508,0
5814,16,0,6,15,22016,22530,0,0,2509,0
5815,16,0,21,63,52228,49924,0,0,2510,0
5816,16,0,21,63,39428,2564,0,0,2511,0
5817,16,0,21,63,8455,50949,0,0,2512,0
5818,16,0,21,63,36102,49923,0,0,2513,0
5819,16,0,21,63,14595,31237,0,0,2514,0
5820,16,0,21,63,60934,2563,0,0,2515,0
5821,16,0,21,63,33026,63491,0,0,2516,0
5822,16,0,21,63,61440,45570,0,0,2517,0
5823,16,0,21,63,26113,34048,0,0,2518,0
5824,16,0,21,63,36097,52993,0,0,2519,0
5825,16,0,21,63,43269,18177,0,0,2520,0
5826,16,0,21,63,28164,59648,0,0,2521,0
5827,16,0,24,24,6656,7168,0,0,2522,0
5828,16,0,30,28,53252,12293,0,0,2523,0
5829,16,0,0,0,8708,64772,0,0,3723,0
5830,16,0,24,30,34564,28165,0,0,2524,0
5831,0,0,32,64,44033,49669,0,0,3176,0
5832,0,0,8,64,54273,49669,0,0,3177,0
5835,16,0,34,64,36359,16640,0,0,2494,0
5836,16,0,33,20,36103,21760,0,0,3614,0
5839,0,0,18,64,40192,64261,0,0,3715,0
5840,0,0,6,16,20992,35589,0,0,3712,0
5844,16,0,31,63,16387,34051,0,0,2529,0
5847,16,0,0,0,7938,7171,0,0,2534,0
5848,0,0,0,0,26887,59141,0,0,3707,0
5849,0,0,0,0,43271,59141,0,0,3708,0
5851,0,0,0,0,63490,31493,0,0,3625,0
5852,0,0,0,0,14339,31493,0,0,3704,0
5854,0,0,0,16,60418,34053,0,0,3719,0
5855,0,0,36,64,1027,62725,0,0,3720,0
5856,0,0,9,64,10499,62725,0,0,3721,0
5857,0,0,0,16,11267,34053,0,0,3722,0
5858,0,0,30,16,30976,35589,0,0,3713,0
5859,0,0,29,64,26624,64261,0,0,3714,0
5860,16,0,31,62,65026,36357,0,0,1560,0
5861,16,0,31,62,28416,28160,0,0,2542,0
5862,16,0,28,26,27905,22787,0,0,1569,0
5863,16,0,0,0,60677,47877,0,0,3579,0
5864,16,0,26,32,52225,51969,0,0,2544,0
5865,16,0,15,64,28421,5121,0,0,2545,0
5866,16,0,31,62,36613,11781,0,0,1563,0
5867,16,0,31,62,32260,24069,0,0,1563,0
5868,16,0,0,0,19970,9730,0,0,3691,0
5869,16,0,31,62,56833,28165,0,0,1563,0
5870,16,0,31,62,22787,24069,0,0,1563,0
5871,16,0,31,62,31495,44545,0,0,1563,0
5872,16,0,32,58,7939,61184,0,0,2546,0
5873,16,0,0,0,9988,46594,0,0,2547,0
5874,16,0,32,42,25351,50690,0,0,2548,0
5878,16,0,13,16,65284,3585,0,0,2552,0
5879,16,0,28,48,8448,8709,0,0,501,0
5880,16,0,0,0,34049,20227,0,0,2549,0
5882,16,0,0,0,32770,53250,0,0,2550,0
5884,16,0,0,0,6659,36865,0,0,3601,0
5885,16,0,0,0,16387,61442,0,0,3599,0
5886,16,0,0,0,40962,49154,0,0,3600,0
5888,16,0,0,0,16387,37122,0,0,3598,0
5891,16,0,14,13,52224,43267,0,0,3649,0
5892,16,0,13,7,42240,42243,0,0,3648,0
5900,16,0,8,25,27136,13314,0,0,2480,0
5901,16,0,9,29,39940,19456,0,0,2481,0
5902,16,0,4,30,62978,15616,0,0,2482,0
5903,16,0,5,30,41473,20484,0,0,2483,0
5904,16,0,8,29,25607,64516,0,0,2484,0
5905,16,0,5,30,52231,33283,0,0,2485,0
5906,16,0,15,47,23557,55299,0,0,2486,0
5907,16,0,8,47,59142,37122,0,0,2487,0
5908,16,0,6,26,40199,45825,0,0,2488,0
5909,16,0,9,31,49925,39680,0,0,2489,0
6081,16,0,16,26,12033,3587,0,0,652,0
6095,16,0,16,26,20228,31233,0,0,652,0
6097,16,0,21,15,7941,20737,0,0,731,0
6098,16,0,21,15,27397,29697,0,0,732,0
6260,16,0,27,21,31750,1030,0,0,1141,0
6403,16,0,25,47,21505,517,0,0,1571,0
6441,16,0,18,18,6405,29441,0,0,1480,0
6454,16,0,16,26,34561,38403,0,0,652,0
6479,16,0,16,26,18432,64771,0,0,652,0
6480,16,0,16,26,5633,29444,0,0,652,0
6540,16,0,24,52,61185,37889,0,0,1142,0
6541,16,0,30,63,24325,53760,0,0,1143,0
6550,16,0,16,26,50690,37892,0,0,652,0
6975,0,0,7,15,35328,61701,0,0,2244,0
6976,16,0,7,14,3840,61445,0,0,2041,0
6977,0,0,0,0,57088,57349,0,0,3054,0
6978,0,0,8,17,11264,61957,0,0,2211,0
6979,0,0,7,15,42752,60933,0,0,2245,0
6980,0,0,5,10,26368,60677,0,0,2243,0
6981,0,0,7,15,18688,61445,0,0,2212,0
6982,16,0,0,0,48384,57349,0,0,3053,0
6983,0,0,10,17,2561,60933,0,0,3880,0
6984,0,0,7,12,10241,60933,0,0,3881,0
8000,0,0,7,9,30208,7936,0,0,362,0
8001,0,0,15,16,9473,7936,0,0,366,0
8002,0,0,2,5,29185,6400,0,0,368,0
8003,0,0,1,2,17666,6144,0,0,374,0
8004,0,0,11,12,59138,7168,0,0,378,0
8005,0,0,2,4,14596,6400,0,0,385,0
8006,0,0,14,30,44806,9472,0,0,398,0
8007,0,0,4,8,20999,6912,0,0,401,0
8008,0,0,18,16,7424,21760,0,0,405,0
8010,0,0,2,4,31745,20736,0,0,414,0
8011,0,0,7,6,65281,21760,0,0,417,0
8012,0,0,8,22,14339,20992,0,0,424,0
8013,0,0,7,7,33283,19456,0,0,426,0
8100,0,0,7,9,39680,6144,0,0,361,0
8101,0,0,2,17,55296,8448,0,0,364,0
8102,0,0,9,20,19713,8448,0,0,367,0
8103,0,0,3,15,25858,7424,0,0,375,0
8104,0,0,12,9,3587,6656,0,0,379,0
8105,0,0,3,13,59395,8192,0,0,383,0
8106,0,0,2,29,22532,8960,0,0,386,0
8107,0,0,15,31,56068,10240,0,0,389,0
8108,0,0,4,58,56326,15616,0,0,399,0
8109,0,0,2,30,30215,9728,0,0,402,0
8110,0,0,18,36,20480,24320,0,0,406,0
8111,0,0,18,44,49152,30464,0,0,408,0
8112,0,0,12,23,10241,23296,0,0,412,0
8113,0,0,5,29,40193,24320,0,0,415,0
8114,0,0,7,7,8450,20992,0,0,418,0
8115,0,0,6,34,3587,22528,0,0,423,0
8116,0,0,12,14,43523,20992,0,0,427,0
8117,0,0,3,5,19460,20224,0,0,430,0
8200,0,0,11,21,18688,8448,0,0,360,0
8201,0,0,14,30,46848,10496,0,0,363,0
8202,0,0,14,19,62976,8448,0,0,365,0
8203,0,0,6,12,36865,6912,0,0,369,0
8204,0,0,12,23,47105,8448,0,0,370,0
8205,0,0,12,21,7682,8192,0,0,373,0
8206,0,0,17,14,47106,7680,0,0,377,0
8207,0,0,20,32,46851,10240,0,0,382,0
8208,0,0,20,33,3588,9728,0,0,384,0
8209,0,0,16,25,44548,8192,0,0,388,0
8210,0,0,20,40,30982,11520,0,0,397,0
8211,0,0,26,53,5127,14848,0,0,400,0
8212,0,0,17,29,51207,8960,0,0,404,0
8213,0,0,20,43,36096,28160,0,0,407,0
8214,0,0,0,0,56576,29440,0,0,409,0
8215,0,0,1,3,60672,19456,0,0,410,0
8216,0,0,14,15,22273,22016,0,0,413,0
8217,0,0,20,19,51457,23552,0,0,416,0
8218,0,0,8,15,43266,21504,0,0,421,0
8219,0,0,24,48,55554,24064,0,0,422,0
8220,0,0,9,9,23555,20992,0,0,425,0
8221,0,0,11,12,26118,20992,0,0,442,0
8300,0,0,13,30,44036,21504,0,0,432,0
8301,0,0,3,32,54532,21504,0,0,433,0
8302,0,0,20,40,773,24064,0,0,434,0
8303,0,0,8,8,13317,20224,0,0,435,0
8304,0,0,18,18,25349,21504,0,0,436,0
8305,0,0,11,15,38149,20992,0,0,437,0
8306,0,0,9,14,48389,20736,0,0,438,0
8307,0,0,2,4,56325,19712,0,0,439,0
8308,0,0,2,4,64005,18688,0,0,440,0
8309,0,0,15,32,11270,23808,0,0,441,0
8400,0,0,16,37,6656,11264,0,0,359,0
8401,0,0,7,8,56065,6912,0,0,371,0
8402,0,0,8,16,63745,7680,0,0,372,0
8403,0,0,15,17,34562,7680,0,0,376,0
8404,0,0,26,26,18691,10496,0,0,380,0
8405,0,0,16,23,32515,9728,0,0,381,0
8406,0,0,18,31,32004,9216,0,0,387,0
8407,0,0,18,24,2565,9472,0,0,390,0
8408,0,0,16,33,15365,9728,0,0,391,0
8409,0,0,19,37,28933,10752,0,0,392,0
8410,0,0,23,46,44293,12288,0,0,393,0
8411,0,0,13,20,57605,9216,0,0,394,0
8412,0,0,21,39,4102,11008,0,0,395,0
8413,0,0,12,15,17670,8704,0,0,396,0
8414,0,0,15,17,20226,21760,0,0,419,0
8415,0,0,15,29,31490,22784,0,0,420,0
8416,0,0,19,26,56579,22528,0,0,428,0
8417,0,0,16,29,8196,22528,0,0,429,0
8418,0,0,15,47,29956,22784,0,0,431,0
8419,0,0,12,33,37894,24320,0,0,443,0
8420,0,0,12,36,47622,24064,0,0,444,0
8421,0,0,20,24,60166,23552,0,0,445,0
8422,0,0,16,33,5895,24320,0,0,3101,0
8423,0,0,15,21,16647,20224,0,0,3102,0
8424,0,0,15,21,26631,20224,0,0,3103,0
8425,0,0,18,34,37383,20480,0,0,3104,0
8426,0,0,9,17,47367,20224,0,0,3105,0
8427,0,0,20,24,56839,17152,0,0,3106,0
8428,0,0,12,23,58119,27392,0,0,3120,0
8432,0,0,17,33,54016,24576,0,0,3951,0
8500,0,0,7,12,15361,61701,0,0,3894,0
9000,2,0,7,63,63233,4096,0,0,86,0
9001,2,0,15,17,44037,4096,0,0,81,0
9002,2,0,7,15,31746,4608,0,0,102,0
9003,2,0,7,15,43781,5376,0,0,98,0
9004,2,0,7,15,40198,7424,0,0,100,0
9005,2,0,15,23,43525,9472,0,0,97,0
9006,2,0,7,31,63489,12288,0,0,90,0
9007,2,0,31,58,20994,12800,0,0,96,0
9008,2,0,15,39,28422,13568,0,0,77,0
9009,2,0,26,62,11013,15872,0,0,126,0
9010,2,0,25,62,24581,15872,0,0,127,0
9011,2,0,25,63,8962,16128,0,0,92,0
9012,2,0,27,63,22530,16128,0,0,93,0
9013,2,0,23,47,39170,16128,0,0,107,0
9014,2,0,7,14,60933,16896,0,0,101,0
9015,2,0,7,15,38401,17408,0,0,103,0
9016,2,0,9,25,21248,18432,0,0,533,0
9017,2,0,6,20,23810,18432,0,0,566,0
9018,2,0,7,13,39170,18688,0,0,572,0
9019,2,0,31,63,32516,18944,0,0,74,0
9020,2,0,7,15,6405,20224,0,0,573,0
9021,2,0,7,31,47106,20480,0,0,88,0
9022,2,0,8,17,62470,20480,0,0,578,0
9023,2,0,0,0,14086,21504,0,0,561,0
9024,0,0,22,26,58627,22272,0,0,584,0
9025,2,0,10,31,24068,22528,0,0,89,0
9026,2,0,7,20,56580,23040,0,0,579,0
9027,2,0,7,17,41474,23296,0,0,581,0
9028,2,0,14,15,54277,24320,0,0,565,0
9029,2,0,7,31,3334,24576,0,0,87,0
9030,2,0,28,34,25349,24832,0,0,129,0
9031,2,0,19,52,31234,25088,0,0,564,0
9032,2,0,31,35,7170,25344,0,0,94,0
9033,0,0,22,26,7687,26624,0,0,586,0
9034,2,0,10,63,26628,27904,0,0,85,0
9035,2,0,19,52,44037,28928,0,0,563,0
9036,0,0,15,35,20998,28928,0,0,588,0
9037,2,0,0,0,21511,29440,0,0,562,0
9038,2,0,7,28,51460,30208,0,0,575,0
9039,2,0,16,34,56580,30720,0,0,570,0
9040,2,0,18,59,13317,31232,0,0,128,0
9041,2,0,18,59,20226,31488,0,0,95,0
9042,0,0,15,37,1795,31744,0,0,582,0
9043,0,0,15,37,12035,31744,0,0,583,0
9044,2,0,7,17,37125,31744,0,0,580,0
9045,2,0,31,41,56065,33536,0,0,552,0
9046,2,0,16,13,43526,33792,0,0,576,0
9047,0,0,22,29,8196,35072,0,0,585,0
9048,2,0,1,46,48897,35328,0,0,554,0
9049,2,0,8,17,29445,35328,0,0,577,0
9050,2,0,15,15,52999,36608,0,0,82,0
9051,2,0,7,63,46850,36864,0,0,84,0
9052,2,0,11,15,2304,38400,0,0,117,0
9053,2,0,27,35,27143,38400,0,0,567,0
9054,2,0,16,35,55045,38656,0,0,569,0
9055,2,0,4,63,59910,38912,0,0,590,0
9056,0,0,15,37,9223,39424,0,0,583,0
9057,2,0,0,0,20224,39680,0,0,534,0
9058,2,0,0,0,260,40192,0,0,557,0
9059,2,0,27,38,36356,41216,0,0,568,0
9060,2,0,0,0,29186,41728,0,0,558,0
9061,2,0,0,0,5634,42752,0,0,556,0
9062,2,0,8,63,25604,43008,0,0,83,0
9063,2,0,4,13,47107,44544,0,0,591,0
9064,2,0,23,47,42759,45056,0,0,124,0
9065,2,0,28,39,19974,45568,0,0,550,0
9066,2,0,30,39,33798,45568,0,0,553,0
9067,2,0,0,0,27907,47104,0,0,559,0
9068,0,0,15,37,54787,47360,0,0,583,0
9069,2,0,11,18,11008,49152,0,0,111,0
9070,2,0,31,20,24320,50176,0,0,108,0
9071,2,0,7,18,16128,50688,0,0,112,0
9072,2,0,31,18,37120,50688,0,0,109,0
9073,2,0,30,39,31493,50688,0,0,551,0
9074,2,0,16,34,34818,50944,0,0,571,0
9075,2,0,7,13,37379,51200,0,0,574,0
9076,2,0,15,14,13831,51968,0,0,80,0
9077,2,0,7,14,19975,52480,0,0,104,0
9078,2,0,23,48,9990,52992,0,0,123,0
9079,2,0,15,15,31494,52992,0,0,91,0
9080,2,0,15,18,20225,56320,0,0,110,0
9081,2,0,13,31,46848,59392,0,0,114,0
9082,2,0,31,15,19202,61440,0,0,78,0
9083,2,0,31,39,14853,2049,0,0,76,0
9084,2,0,25,33,39429,8193,0,0,144,0
9085,0,0,23,46,26628,9729,0,0,184,0
9086,0,0,7,-1,34564,9985,0,0,180,0
9087,0,0,31,46,40964,9985,0,0,182,0
9088,0,0,20,54,36101,12033,0,0,230,0
9089,0,0,0,0,14597,12801,0,0,229,0
9090,0,0,31,63,12292,13825,0,0,188,0
9091,0,0,0,0,15876,14081,0,0,186,0
9092,0,0,31,63,57092,14337,0,0,181,0
9093,0,0,28,63,7173,14337,0,0,179,0
9094,0,0,23,18,26372,14593,0,0,185,0
9095,0,0,0,0,30981,14593,0,0,231,0
9096,0,0,24,63,1794,15361,0,0,3382,0
9097,0,0,34,60,53505,15617,0,0,3380,0
9098,0,0,18,7,4610,17409,0,0,3383,0
9099,0,0,8,11,2053,17409,0,0,174,0
9100,0,0,22,9,50689,18177,0,0,3381,0
9101,16,0,29,45,19456,23041,0,0,2609,0
9102,0,0,47,37,11524,23553,0,0,187,0
9103,0,0,21,38,54532,24321,0,0,178,0
9104,0,0,21,36,19973,26113,0,0,228,0
9105,0,0,0,0,47108,26625,0,0,176,0
9106,2,0,11,15,23809,26881,0,0,122,0
9107,2,0,12,15,23041,28673,0,0,121,0
9108,0,0,11,11,43780,29441,0,0,177,0
9109,0,0,20,63,32772,30721,0,0,183,0
9110,0,0,13,24,62212,33025,0,0,175,0
9111,2,0,20,27,42758,33281,0,0,145,0
9112,2,0,13,31,21249,34305,0,0,119,0
9113,2,0,31,63,42247,35073,64,0,147,0
9114,2,0,28,63,43271,35073,0,0,149,0
9115,2,0,23,63,56583,35073,0,0,150,0
9116,2,0,25,59,57095,35073,64,0,148,0
9117,2,0,14,7,47367,37121,0,0,151,0
9118,2,0,11,31,19969,42241,0,0,120,0
9119,2,0,23,48,6915,57601,0,0,236,0
9120,2,0,29,50,23299,58113,0,0,237,0
9121,2,0,27,59,22787,61441,64,0,235,0
9122,2,0,31,63,7427,61697,64,0,234,0
9123,0,0,4,14,59136,61953,0,0,146,0
9124,0,0,0,0,46086,62721,0,0,1430,0
9125,2,0,13,34,6914,63233,0,0,233,0
9126,2,0,31,63,6914,5122,64,0,232,0
9127,0,0,0,0,7425,7426,0,0,637,0
9128,0,0,15,63,2049,12034,0,0,626,0
9129,2,0,9,25,22528,12546,0,0,532,0
9130,0,0,14,23,2305,15618,0,0,631,0
9131,2,0,6,22,14336,19714,0,0,461,0
9132,2,0,6,22,13824,22530,0,0,458,0
9133,2,0,6,14,11776,24834,0,0,457,0
9134,2,0,6,14,16896,26370,0,0,460,0
9135,2,0,23,36,29184,27650,0,0,455,0
9136,0,0,31,38,26627,28418,10,0,602,0
9137,0,0,28,40,41475,29698,10,0,603,0
9138,2,0,12,15,45312,33794,0,0,116,0
9139,0,0,11,23,19715,34050,10,0,604,0
9140,0,0,31,29,29955,34818,10,0,605,0
9141,0,0,29,30,43267,36610,10,0,606,0
9142,0,0,4,14,38400,40450,0,0,146,0
9143,16,0,5,27,1026,43266,0,0,133,0
9144,0,0,21,46,31747,44546,10,0,608,0
9145,0,0,25,39,43267,45314,10,0,609,0
9146,16,0,31,49,56833,45570,0,0,132,0
9147,0,0,27,52,24835,46850,10,0,607,0
9148,16,0,5,27,41477,46850,0,0,133,0
9149,0,0,14,38,5889,49410,0,0,635,0
9150,16,0,31,49,31749,49410,0,0,132,0
9151,0,0,29,44,19457,50178,0,0,627,0
9152,0,0,24,52,34051,55042,0,0,610,0
9153,2,0,10,16,55815,55554,0,0,55,0
9154,0,0,13,31,16128,58882,0,0,632,0
9155,2,0,9,15,55815,59650,0,0,65,0
9156,2,0,31,49,49668,61698,0,0,130,0
9157,2,0,5,36,59396,61954,0,0,131,0
9158,2,0,10,31,56071,2307,0,0,62,0
9159,2,0,0,0,41734,2563,0,0,161,0
9160,2,0,13,34,27910,3075,0,0,169,0
9161,2,0,15,63,12295,3331,0,0,53,0
9162,2,0,7,63,18439,3331,0,0,52,0
9163,2,0,31,63,28679,3331,0,0,45,0
9164,2,0,31,61,45063,3331,0,0,46,0
9165,2,0,0,0,29446,3843,0,0,158,0
9166,0,0,0,0,11264,4611,0,0,636,0
9167,2,0,10,63,5639,7171,0,0,61,0
9168,2,0,0,0,58118,7427,0,0,164,0
9169,0,0,13,25,17408,8451,0,0,633,0
9170,2,0,0,0,17158,8451,0,0,156,0
9171,2,0,13,43,24582,8707,0,0,170,0
9172,2,0,13,35,39942,10243,0,0,165,0
9173,2,0,0,0,774,12803,0,0,154,0
9174,2,0,19,54,29958,15107,0,0,167,0
9175,2,0,0,0,41734,15619,0,0,162,0
9176,0,0,19,37,17152,16131,0,0,628,0
9177,2,0,13,47,60166,16899,0,0,166,0
9178,0,0,13,20,4609,17923,0,0,634,0
9179,2,0,10,63,56071,18691,0,0,59,0
9180,2,0,28,54,20486,18947,0,0,168,0
9181,0,0,13,20,17152,19715,0,0,634,0
9182,2,0,0,0,29446,19715,0,0,159,0
9183,2,0,0,0,45830,19715,0,0,163,0
9184,2,0,0,0,62981,19971,0,0,153,0
9185,2,0,0,0,17158,23811,0,0,157,0
9186,2,0,0,0,774,27907,0,0,155,0
9187,2,0,10,62,55815,34307,0,0,47,0
9188,2,0,17,49,64773,35075,0,0,171,0
9189,2,0,23,62,47623,35075,0,0,71,0
9190,2,0,9,3,56071,35331,0,0,48,0
9191,2,0,0,0,16903,35843,0,0,42,0
9192,2,0,0,0,29446,36099,0,0,160,0
9193,2,0,10,61,39175,39171,0,0,49,0
9194,2,0,7,53,14599,39939,0,0,40,0
9195,2,0,7,63,10503,40195,0,0,35,0
9196,2,0,7,61,26887,40195,0,0,41,0
9197,2,0,15,62,33031,40195,0,0,67,0
9198,2,0,9,3,39431,40195,0,0,50,0
9199,2,0,7,53,11783,51459,0,0,43,0
9200,0,0,0,0,9218,52483,0,0,1430,0
9201,2,0,9,16,59143,64515,0,0,57,0
9202,2,0,7,61,54791,11012,0,0,44,0
9203,2,0,31,61,50950,22788,0,0,32,0
9204,2,0,7,62,61190,23044,0,0,66,0
9205,2,0,31,30,28167,47876,0,0,38,0
9206,2,0,31,34,44551,47876,0,0,39,0
9207,2,0,7,62,54791,48132,0,0,73,0
9208,16,0,5,27,22787,60420,0,0,133,0
9209,16,0,5,27,30211,2821,0,0,133,0
9210,16,0,31,49,20483,4869,0,0,132,0
9211,0,0,0,0,34820,11781,0,0,3378,0
9212,0,0,29,64,44292,12037,0,0,3374,0
9213,0,0,32,64,28676,13573,0,0,916,0
9214,16,0,5,27,58369,14853,0,0,133,0
9215,0,0,36,56,50180,16901,0,0,3375,0
9216,0,0,0,0,51204,16901,0,0,3379,0
9217,16,0,31,49,48641,17157,0,0,132,0
9218,0,0,5,48,35332,25861,0,0,3377,0
9219,0,0,35,50,26628,26373,0,0,3376,0
9220,2,0,8,44,11780,11008,0,0,348,0
9221,2,0,8,45,35587,11520,0,0,344,0
9222,2,0,8,15,35587,13312,0,0,352,0
9223,2,0,31,58,45571,14336,0,0,330,0
9224,2,0,16,56,6148,14336,0,0,333,0
9225,2,0,31,56,21248,16128,0,0,335,0
9226,2,0,24,56,52224,16128,0,0,468,0
9227,2,0,8,56,21249,16128,0,0,334,0
9228,2,0,31,63,40705,16128,0,0,277,0
9229,2,0,15,63,3842,16128,0,0,278,0
9230,2,0,7,63,51714,16128,0,0,279,0
9231,2,0,12,63,30211,16128,0,0,291,0
9232,0,0,23,63,39941,16128,0,0,471,0
9233,0,0,23,63,3078,16128,0,0,471,0
9234,0,0,23,63,48134,16128,0,0,471,0
9235,0,0,23,63,58630,16128,0,0,471,0
9236,0,0,23,63,41735,16128,0,0,471,0
9237,2,0,11,63,8706,16384,0,0,295,0
9238,2,0,0,0,17414,16640,0,0,537,0
9239,2,0,8,31,11780,16896,0,0,354,0
9240,2,0,11,15,10245,19712,0,0,246,0
9241,2,0,9,63,54784,19968,0,0,319,0
9242,2,0,28,51,9731,20224,0,0,2819,0
9243,2,0,29,52,44551,20224,0,0,2820,0
9244,2,0,0,0,52995,21248,0,0,2386,0
9245,2,0,0,0,26119,23808,0,0,2896,0
9246,2,0,7,46,15109,24064,0,0,2590,0
9247,2,0,19,45,38657,24320,0,0,524,0
9248,2,0,8,47,25089,25344,0,0,353,0
9249,2,0,8,47,6144,25600,0,0,350,0
9250,0,0,22,46,16897,25856,0,0,2355,0
9251,2,0,30,55,16640,27136,0,0,3558,0
9252,2,0,6,44,60162,27136,0,0,2823,0
9253,2,0,0,0,50693,27136,0,0,536,0
9254,2,0,29,57,46336,27904,0,0,3557,0
9255,2,0,20,53,43267,27904,0,0,2219,0
9256,2,0,31,58,32772,28416,0,0,2276,0
9257,2,0,11,47,17671,28416,0,0,293,0
9258,2,0,8,44,25089,29440,64,0,346,0
9259,2,0,19,28,38657,29952,0,0,525,0
9260,2,0,0,0,21760,31488,0,0,2385,0
9261,2,0,10,60,55040,31488,0,0,467,0
9262,2,0,11,63,30209,32000,0,0,357,0
9263,2,0,10,23,7427,32000,0,0,2824,0
9264,2,0,9,61,11012,32256,0,0,321,0
9265,2,0,11,63,8706,32768,0,0,290,0
9266,2,0,9,25,52740,33024,0,0,533,0
9267,2,0,8,31,6144,33792,0,0,351,0
9268,2,0,29,35,49412,34560,0,0,3554,0
9269,2,0,11,31,17671,35840,0,0,292,0
9270,2,0,15,59,62464,36096,0,0,3504,0
9271,2,0,18,49,25862,36352,0,0,2817,0
9272,2,0,34,63,26370,36608,0,0,2579,0
9273,2,0,11,63,36866,36608,0,0,2582,0
9274,2,0,8,20,20481,36864,0,0,523,0
9275,2,0,8,63,58628,38912,0,0,347,0
9276,2,0,18,46,34564,39936,0,0,516,0
9277,2,0,9,31,55559,40960,0,0,249,0
9278,2,0,11,63,8706,41984,0,0,288,0
9279,2,0,22,49,12291,44544,0,0,2822,0
9280,2,0,19,47,26373,44544,0,0,2818,0
9281,2,0,0,0,43015,44800,0,0,243,0
9282,2,0,23,36,17153,47360,0,0,455,0
9283,2,0,7,63,21511,48896,0,0,296,0
9284,2,0,31,63,29703,48896,0,0,242,0
9285,2,0,31,63,45831,48896,0,0,240,0
9286,2,0,16,50,3335,49408,0,0,3263,0
9287,2,0,16,50,11271,49408,0,0,3262,0
9288,2,0,0,0,26368,49920,0,0,341,0
9289,2,0,8,46,14339,52736,0,0,2591,0
9290,2,0,31,58,28672,52992,0,0,356,0
9291,2,0,34,63,26370,52992,0,0,2580,0
9292,2,0,12,63,37122,52992,0,0,2583,0
9293,2,0,0,0,20741,53248,0,0,535,0
9294,2,0,5,63,58628,55040,64,0,2815,0
9295,0,0,9,39,40195,56320,0,0,2356,0
9296,2,0,31,14,27138,56832,0,0,2581,0
9297,2,0,8,15,36098,57088,0,0,2584,0
9298,2,0,11,63,55554,59392,0,0,294,0
9299,2,0,30,28,64257,60416,0,0,2835,0
9300,2,0,23,63,10246,61184,0,0,470,0
9301,2,0,35,63,25606,61184,0,0,281,0
9302,2,0,31,63,40454,61184,0,0,273,0
9303,2,0,11,63,5126,61440,0,0,2399,0
9304,2,0,11,63,47878,61696,0,0,2400,0
9305,2,0,27,28,40708,64512,0,0,542,0
9306,2,0,10,25,28672,64768,0,0,522,0
9307,2,0,8,46,38149,65280,0,0,2590,0
9308,0,0,11,29,40966,3585,0,0,2829,0
9309,2,0,27,32,32000,3841,0,0,520,0
9310,2,0,23,33,64000,6145,0,0,2226,0
9311,2,0,8,63,35587,16129,0,0,345,0
9312,2,0,15,56,41219,16129,0,0,331,0
9313,2,0,31,58,53251,16129,0,0,338,0
9314,2,0,23,56,2052,16129,0,0,469,0
9315,2,0,31,63,8967,16129,0,0,328,0
9316,2,0,37,63,54535,16129,0,0,2902,0
9317,2,0,11,63,10245,16385,0,0,2401,0
9318,2,0,10,63,47110,16641,0,0,245,0
9319,0,0,15,15,19203,16897,0,0,255,0
9320,2,0,19,22,9991,17409,0,0,252,0
9321,2,0,31,48,769,17921,0,0,3555,0
9322,2,0,10,16,55040,19713,0,0,318,0
9323,2,0,29,28,35846,19969,0,0,2841,0
9324,2,0,29,28,40961,27649,0,0,2838,0
9325,2,0,31,58,60672,32513,0,0,337,0
9326,2,0,31,58,11521,32513,0,0,339,0
9327,2,0,7,56,21249,32513,0,0,332,0
9328,2,0,31,58,27904,32769,0,0,340,0
9329,0,0,21,52,5632,33537,0,0,2923,0
9330,2,0,11,15,5126,33537,0,0,289,0
9331,2,0,29,28,63489,35841,0,0,2839,0
9332,2,0,8,46,35841,36353,0,0,2591,0
9333,0,0,11,29,47874,36609,0,0,2829,0
9334,2,0,15,63,9478,36609,0,0,472,0
9335,2,0,31,63,37894,36609,0,0,238,0
9336,0,0,21,15,5632,37377,0,0,2924,0
9337,2,0,9,31,29953,48129,0,0,247,0
9338,2,0,35,63,4612,48897,0,0,3882,0
9339,0,0,23,63,34308,48897,0,0,471,0
9340,2,0,0,0,4,50689,0,0,534,0
9341,0,0,12,18,17157,54529,0,0,2828,0
9342,16,0,29,63,16903,55041,0,0,2898,0
9343,2,0,23,63,53761,56577,0,0,473,0
9344,2,0,31,63,29186,56577,0,0,239,0
9345,16,0,26,20,17159,60417,0,0,2899,0
9346,0,0,23,63,52227,61441,0,0,471,0
9347,2,0,25,28,19971,770,0,0,2836,0
9348,0,0,20,44,5120,6146,0,0,2925,0
9349,0,0,12,6,53505,6658,0,0,5,0
9350,2,0,22,49,42755,11778,0,0,2587,0
9351,0,0,20,23,5120,12290,0,0,2926,0
9352,0,0,16,25,5378,12546,0,0,3,0
9353,2,0,11,30,46337,16898,0,0,2225,0
9354,0,0,0,0,52993,19202,0,0,449,0
9355,2,0,7,27,11267,19970,64,0,463,0
9356,0,0,24,63,56577,21250,0,0,450,0
9357,0,0,1,15,62721,25346,0,0,451,0
9358,2,0,6,14,64257,27906,0,0,457,0
9359,2,0,7,33,11267,28674,64,0,464,0
9360,0,0,22,46,3332,31746,0,0,2355,0
9361,2,0,8,15,774,34818,0,0,355,0
9362,2,0,0,0,35333,42498,0,0,2387,0
9363,2,0,31,34,32773,44034,0,0,2215,0
9364,2,0,31,63,37891,44802,0,0,274,0
9365,2,0,11,63,23044,45058,0,0,2402,0
9366,2,0,8,63,6400,57090,0,0,343,0
9367,2,0,8,63,54784,57090,0,0,349,0
9368,2,0,11,63,23044,61186,0,0,462,0
9369,0,0,31,63,24834,61442,10,0,2363,0
9370,0,0,11,63,36098,61442,10,0,2364,0
9371,0,0,11,29,17411,65026,0,0,2829,0
9372,0,0,11,27,35842,515,0,0,2366,0
9373,0,0,31,40,24578,3843,0,0,2365,0
9374,2,0,10,63,64261,9731,0,0,2406,0
9375,2,0,27,30,31237,13059,0,0,519,0
9376,2,0,26,15,33029,16131,0,0,521,0
9377,2,0,31,58,13574,20483,0,0,329,0
9378,2,0,0,0,21510,22531,0,0,2383,0
9379,2,0,31,41,31747,24323,0,0,547,0
9380,0,0,31,63,5121,25091,0,0,2372,0
9381,0,0,31,63,21249,25347,0,0,2373,0
9382,0,0,13,47,33025,25347,0,0,2374,0
9383,2,0,10,63,64261,25603,0,0,2407,0
9384,0,0,31,35,3329,25859,30,0,2369,0
9385,0,0,0,0,9729,26115,0,0,2379,0
9386,0,0,31,3,17153,26115,0,0,2376,0
9387,0,0,26,36,18433,26115,30,0,2370,0
9388,0,0,7,63,29953,30467,0,0,2371,0
9389,0,0,23,26,2817,32003,0,0,2375,0
9390,0,0,11,29,36355,32003,0,0,2829,0
9391,0,0,21,26,30977,32259,0,0,2377,0
9392,2,0,8,45,2053,35075,64,0,342,0
9393,0,0,1,21,57602,35843,0,0,2351,0
9394,0,0,31,63,17410,37891,0,0,2348,0
9395,0,0,23,63,11009,41475,0,0,2378,0
9396,0,0,18,59,22017,41475,0,0,2380,0
9397,2,0,30,46,56837,43779,0,0,3559,0
9398,0,0,31,63,32514,44291,10,0,2349,0
9399,0,0,31,63,48898,44291,10,0,2350,0
9400,0,0,29,27,40450,48899,0,0,2352,0
9401,2,0,15,63,18179,52995,0,0,275,0
9402,0,0,11,29,19971,60931,0,0,2829,0
9403,0,0,31,63,53248,62723,0,0,2353,0
9404,0,0,22,46,38912,516,0,0,2355,0
9405,2,0,5,63,34055,6404,64,0,2816,0
9406,0,0,2,37,62976,14084,0,0,2362,0
9407,0,0,29,46,54528,16132,0,0,2361,0
9408,2,0,10,63,64261,22788,0,0,320,0
9409,0,0,31,63,8962,23300,10,0,2357,0
9410,0,0,18,55,22018,23300,10,0,2358,0
9411,0,0,31,45,8962,32516,0,0,2359,0
9412,0,0,18,45,22018,32516,0,0,2360,0
9413,2,0,31,63,32512,40708,0,0,297,0
9414,2,0,31,63,48896,40708,0,0,300,0
9415,2,0,11,63,57600,40708,0,0,306,0
9416,0,0,11,63,57600,55044,0,0,358,0
9417,0,0,11,63,6144,57348,0,0,358,0
9418,2,0,7,63,61952,61188,0,0,312,0
9419,2,0,31,63,6657,61188,0,0,301,0
9420,0,0,11,63,57600,61444,0,0,358,0
9421,0,0,2,37,54785,1285,0,0,2362,0
9422,0,0,29,46,46337,3333,0,0,2361,0
9423,2,0,9,31,58112,3845,0,0,309,0
9424,2,0,26,63,61441,7685,0,0,2367,0
9425,0,0,11,63,6144,8197,0,0,358,0
9426,2,0,0,0,27392,8197,0,0,327,0
9427,2,0,5,46,26880,11781,0,0,325,0
9428,2,0,5,46,37888,12037,0,0,326,0
9429,0,0,11,63,20993,12037,0,0,358,0
9430,0,0,23,63,65030,16133,0,0,471,0
9431,0,0,23,63,28167,16133,0,0,471,0
9432,2,0,31,16,33536,16389,64,0,302,0
9433,0,0,20,54,9733,18437,0,0,2631,0
9434,0,0,11,63,6144,24325,0,0,358,0
9435,2,0,19,45,38407,24837,0,0,530,0
9436,0,0,11,63,20993,28165,0,0,358,0
9437,2,0,19,26,38407,30469,0,0,531,0
9438,0,0,11,63,20993,36613,0,0,358,0
9439,0,0,11,63,6144,40197,0,0,358,0
9440,2,0,29,49,50182,40709,0,0,2586,0
9441,0,0,2,37,52994,41221,0,0,2362,0
9442,0,0,29,46,44546,43269,0,0,2361,0
9443,2,0,7,63,54791,46853,0,0,276,0
9444,0,0,31,63,28930,52741,0,0,2353,0
9445,0,0,11,63,57856,53253,0,0,358,0
9446,0,0,11,63,6144,56325,0,0,358,0
9447,2,0,9,31,5888,61445,0,0,308,0
9448,2,0,31,63,16640,3846,0,0,298,0
9449,2,0,31,63,57605,4358,0,0,241,0
9450,2,0,31,63,32767,12032,0,0,6,0
9451,2,0,31,63,49151,12032,0,0,7,0
9452,2,0,15,63,61439,12032,0,0,23,0
9453,2,0,6,63,13824,16128,0,0,1825,0
9454,2,0,23,63,22272,16128,0,0,1823,0
9455,2,0,32,63,40960,16128,0,0,1821,0
9456,2,0,31,63,57088,16128,0,0,9,0
9457,2,0,7,63,46849,16128,0,0,26,0
9458,2,0,14,63,25602,16128,0,0,1824,0
9459,2,0,31,63,36866,16128,0,0,1822,0
9460,2,0,30,63,3587,16128,0,0,1819,0
9461,2,0,30,63,19971,16128,0,0,1820,0
9462,2,0,30,63,36355,16128,0,0,1818,0
9463,16,0,0,0,20998,16128,0,0,3051,0
9464,2,0,23,63,50951,16128,0,0,10,0
9465,16,0,7,13,14085,19200,0,0,2604,0
9466,16,0,4,10,33798,19200,0,0,1942,0
9467,16,0,7,13,11780,19456,0,0,2605,0
9468,16,0,32,56,63237,19456,0,0,2979,0
9469,16,0,7,13,9990,19456,0,0,2604,0
9470,16,0,4,11,37126,19712,0,0,1943,0
9471,16,0,21,15,26118,20992,0,0,3049,0
9472,2,0,23,28,23044,21760,0,0,3790,0
9473,16,0,8,9,35078,22528,0,0,3050,0
9474,0,0,3,7,30982,23040,0,0,1919,0
9475,2,0,0,0,2054,24832,0,0,535,0
9476,2,0,12,15,57094,28160,0,0,3069,0
9477,2,0,8,17,51201,28928,0,0,20,0
9478,2,0,6,13,9732,31232,0,0,2725,0
9479,0,0,7,13,58628,36864,0,0,2602,0
9480,2,0,9,16,37895,40704,0,0,3068,0
9481,2,0,27,13,55300,42496,0,0,3805,0
9482,0,0,7,13,51973,43776,0,0,2603,0
9483,2,0,16,8,52484,45824,0,0,3809,0
9484,2,0,7,14,59140,46080,0,0,3806,0
9485,2,0,21,31,8710,52736,0,0,3067,0
9486,2,0,47,54,38663,52736,0,0,3079,0
9487,2,0,0,0,21509,52992,0,0,534,0
9488,2,0,0,55,40199,53248,0,0,3080,0
9489,2,0,19,15,11782,56832,0,0,3066,0
9490,2,0,8,52,51201,58624,64,0,19,0
9491,2,0,23,37,37638,62464,0,0,3798,0
9492,2,0,11,10,30726,63488,0,0,3808,0
9493,16,0,7,13,2309,64768,0,0,2605,0
9494,2,0,14,20,38406,1281,0,0,3795,0
9495,2,0,12,31,45318,4097,0,0,3797,0
9496,2,0,31,63,20226,16129,0,0,22,0
9497,2,0,0,0,29184,18689,0,0,536,0
9498,16,0,7,13,12544,19457,0,0,2605,0
9499,16,0,32,56,8961,19457,0,0,2979,0
9500,16,0,7,13,12548,19457,0,0,2605,0
9501,16,0,32,56,8965,19457,0,0,2979,0
9502,16,0,31,61,48897,19713,0,0,2982,0
9503,16,0,31,61,48901,19713,0,0,2982,0
9504,16,0,32,56,51968,19969,0,0,2980,0
9505,16,0,32,56,51972,19969,0,0,2980,0
9506,2,0,10,25,5634,20225,0,0,522,0
9507,2,0,10,25,64261,20225,0,0,3065,0
9508,2,0,9,25,64001,20481,0,0,532,0
9509,2,0,27,28,36610,21761,0,0,542,0
9510,2,0,30,28,4099,22529,0,0,2835,0
9511,2,0,25,31,2567,23297,0,0,3078,0
9512,0,0,3,9,54019,26113,0,0,1952,0
9513,2,0,26,15,36866,26369,0,0,521,0
9514,2,0,23,41,35590,26369,0,0,3064,0
9515,0,0,3,9,54279,26369,0,0,1952,0
9516,0,0,3,9,55811,26625,0,0,1951,0
9517,0,0,3,9,56071,26881,0,0,1951,0
9518,2,0,0,0,45314,29953,0,0,537,0
9519,0,0,3,9,53507,29953,0,0,1952,0
9520,0,0,3,9,53511,29953,0,0,1952,0
9521,0,0,9,37,59136,31745,0,0,3508,0
9522,0,0,9,37,59140,31745,0,0,3508,0
9523,2,0,30,28,8193,32001,0,0,2835,0
9524,2,0,8,20,63489,33281,0,0,523,0
9525,0,0,16,29,52483,34049,0,0,2447,0
9526,0,0,16,29,52487,34049,0,0,2447,0
9527,2,0,13,19,31238,36865,0,0,3077,0
9528,0,0,5,11,54787,38657,0,0,2097,0
9529,0,0,5,11,54791,38657,0,0,2097,0
9530,2,0,19,45,14080,42753,0,0,524,0
9531,2,0,29,28,48897,44801,0,0,2840,0
9532,2,0,23,35,26630,45569,0,0,3076,0
9533,2,0,11,19,57860,46849,0,0,2722,0
9534,2,0,31,49,40962,47361,0,0,2585,0
9535,2,0,19,28,14080,48385,0,0,525,0
9536,2,0,8,46,46336,48385,0,0,2591,0
9537,2,0,12,47,40960,48897,0,0,2704,0
9538,16,0,0,0,16391,50433,0,0,3051,0
9539,16,0,4,11,17671,51457,0,0,1943,0
9540,0,0,13,21,19971,52481,0,0,1954,0
9541,16,0,28,45,48643,52737,0,0,2703,0
9542,0,0,2,9,20227,53249,0,0,1953,0
9543,2,0,0,36,49415,53249,0,0,3082,0
9544,16,0,8,9,52231,54017,0,0,3050,0
9545,16,0,7,13,18435,56577,0,0,2605,0
9546,16,0,7,13,18439,56577,0,0,2605,0
9547,0,0,19,37,51713,60929,0,0,628,0
9548,0,0,19,37,51717,60929,0,0,628,0
9549,2,0,0,0,3073,8194,0,0,18,0
9550,2,0,30,56,36611,10754,0,0,3292,0
9551,2,0,31,57,36871,10754,0,0,3814,0
9552,2,0,28,29,36864,11010,0,0,2050,0
9553,2,0,5,48,1281,12034,0,0,16,0
9554,2,0,5,48,14593,12034,0,0,17,0
9555,2,0,7,63,26371,12034,0,0,14,0
9556,2,0,7,63,46851,12034,0,0,13,0
9557,2,0,31,14,7937,15874,64,0,15,0
9558,0,0,6,19,54787,16130,0,0,1955,0
9559,16,0,0,0,49159,18946,0,0,3051,0
9560,2,0,44,38,19975,19970,0,0,3081,0
9561,16,0,8,9,23559,20994,0,0,3050,0
9562,16,0,4,11,12295,21250,0,0,1943,0
9563,16,0,21,15,16135,24066,0,0,3049,0
9564,0,0,12,19,42499,36610,0,0,1945,0
9565,2,0,7,63,18178,40450,0,0,12,0
9566,2,0,7,63,46592,40706,0,0,11,0
9567,16,0,0,0,22535,41474,0,0,3051,0
9568,16,0,0,0,7424,43522,0,0,3837,0
9569,16,0,0,0,7428,43522,0,0,3837,0
9570,0,0,12,9,52995,43778,0,0,1929,0
9571,0,0,6,9,53251,46594,0,0,1931,0
9572,2,0,18,46,47106,47362,0,0,516,0
9573,0,0,13,21,11523,49154,0,0,1954,0
9574,0,0,13,21,11527,49154,0,0,1954,0
9575,16,0,6,11,55299,50178,0,0,1935,0
9576,0,0,2,9,11779,50434,0,0,1953,0
9577,0,0,2,9,11783,50434,0,0,1953,0
9578,0,0,3,9,9987,51970,0,0,1952,0
9579,0,0,3,9,9991,51970,0,0,1952,0
9580,16,0,0,0,23808,57346,0,0,3840,0
9581,16,0,0,0,23812,57346,0,0,3840,0
9582,16,0,14,-1,11008,59650,0,0,3838,0
9583,16,0,14,-1,11012,59650,0,0,3838,0
9584,2,0,14,20,23040,60162,0,0,2723,0
9585,2,0,0,0,51206,3075,0,0,3792,0
9586,2,0,0,0,48902,3843,0,0,3073,0
9587,16,0,0,0,23808,4099,0,0,3840,0
9588,16,0,0,0,23812,4099,0,0,3840,0
9589,2,0,20,6,49671,4867,0,0,3793,0
9590,0,0,20,54,62977,6915,0,0,2631,0
9591,0,0,20,54,62981,6915,0,0,2631,0
9592,2,0,20,37,37890,7427,0,0,2630,0
9593,0,0,23,29,35590,10499,0,0,3117,0
9594,2,0,0,0,49414,11267,0,0,3074,0
9595,16,0,26,5,14080,12035,0,0,3839,0
9596,2,0,31,35,57090,12035,0,0,2218,0
9597,16,0,26,5,14084,12035,0,0,3839,0
9598,2,0,11,33,11264,16899,0,0,2720,0
9599,2,0,20,53,51715,17155,0,0,2219,0
9600,2,0,16,64,11527,31235,0,0,3503,0
9601,2,0,6,60,58881,31491,0,0,3486,0
9602,2,0,23,51,48643,32003,0,0,2624,0
9603,2,0,31,63,7937,36611,0,0,8,0
9604,0,0,10,60,43010,38403,0,0,3485,0
9605,0,0,10,60,43014,38403,0,0,3485,0
9606,2,0,6,22,10240,39939,0,0,458,0
9607,2,0,6,22,14336,40195,0,0,461,0
9608,2,0,6,14,12288,42243,0,0,457,0
9609,2,0,31,41,20225,44803,0,0,546,0
9610,2,0,29,57,64774,47875,0,0,3813,0
9611,2,0,31,57,65282,48131,0,0,3295,0
9612,2,0,31,57,33031,48131,0,0,3815,0
9613,2,0,31,41,16384,52227,0,0,544,0
9614,2,0,11,29,11520,59651,0,0,2589,0
9615,2,0,21,41,59392,61187,0,0,3505,0
9616,2,0,31,41,16384,2820,0,0,543,0
9617,0,0,9,37,26625,15364,0,0,3508,0
9618,2,0,31,57,7939,15364,0,0,3294,0
9619,0,0,9,37,26629,15364,0,0,3508,0
9620,2,0,6,15,35840,26884,0,0,459,0
9621,2,0,2,7,36608,27652,0,0,1991,0
9622,2,0,2,7,39936,28164,0,0,1990,0
9623,2,0,31,41,28163,29956,0,0,547,0
9624,2,0,33,38,28935,32772,0,0,3072,0
9625,0,0,4,9,26625,36356,0,0,1946,0
9626,0,0,4,9,26629,36356,0,0,1946,0
9627,0,0,5,12,2305,36612,0,0,1948,0
9628,16,0,32,56,16385,36612,0,0,2980,0
9629,0,0,5,12,2309,36612,0,0,1948,0
9630,16,0,32,56,16389,36612,0,0,2980,0
9631,0,0,9,37,38656,40964,0,0,3508,0
9632,0,0,9,37,38660,40964,0,0,3508,0
9633,0,0,5,11,10496,55556,0,0,2097,0
9634,0,0,5,11,10500,55556,0,0,2097,0
9635,0,0,3,9,13824,56324,0,0,1952,0
9636,0,0,3,9,13828,56324,0,0,1952,0
9637,2,0,8,10,22790,58884,0,0,3807,0
9638,0,0,13,21,12288,60676,0,0,1954,0
9639,0,0,13,21,12292,60676,0,0,1954,0
9640,2,0,29,35,33024,64516,0,0,3554,0
9641,2,0,8,13,9222,64772,0,0,3071,0
9642,2,0,23,36,10242,65028,0,0,455,0
9643,2,0,19,12,42246,65028,0,0,3799,0
9644,2,0,31,63,16391,65284,0,0,1832,0
9645,2,0,11,25,24066,261,0,0,2224,0
9646,2,0,9,25,13826,2309,0,0,533,0
9647,16,0,7,13,55299,3333,0,0,2605,0
9648,0,0,7,13,55303,3845,0,0,2602,0
9649,2,0,15,15,12806,5125,0,0,3789,0
9650,2,0,15,19,41222,5893,0,0,3788,0
9651,2,0,23,33,26626,7685,0,0,2226,0
9652,2,0,14,19,24833,7941,0,0,2721,0
9653,0,0,9,37,28932,8453,0,0,3508,0
9654,0,0,9,16,49152,9989,0,0,2089,0
9655,0,0,9,16,49156,9989,0,0,2089,0
9656,2,0,25,27,10502,12549,0,0,3791,0
9657,2,0,10,26,23302,14085,0,0,3796,0
9658,2,0,11,30,24066,15877,0,0,2225,0
9659,0,0,9,37,38400,20485,0,0,3508,0
9660,0,0,9,37,38404,20485,0,0,3508,0
9661,2,0,7,63,43266,28421,0,0,28,0
9662,16,0,32,56,55552,32005,0,0,2979,0
9663,16,0,32,56,55556,32005,0,0,2979,0
9664,2,0,7,46,20225,36357,0,0,2590,0
9665,2,0,8,46,18689,58629,0,0,2590,0
9666,2,0,22,49,10753,60677,0,0,2587,0
9667,2,0,31,62,16389,3584,0,0,1844,0
9668,2,0,31,62,48384,7680,0,0,1544,0
9669,2,0,31,62,12034,7680,0,0,1561,0
9670,2,0,31,62,40706,7680,0,0,1565,0
9671,2,0,31,62,57091,7680,0,0,1562,0
9672,2,0,31,62,19968,11776,0,0,1841,0
9673,2,0,31,62,7940,11776,0,0,1838,0
9674,2,0,31,62,24324,11776,0,0,1839,0
9675,0,0,22,27,47874,12032,0,0,3628,0
9676,2,0,31,62,52741,15872,0,0,1566,0
9677,2,0,31,62,3846,15872,0,0,1568,0
9678,2,0,31,62,7942,15872,0,0,1813,0
9679,2,0,31,62,52742,15872,0,0,1540,0
9680,2,0,31,62,56327,15872,0,0,1541,0
9681,2,0,31,62,8,19712,0,0,1555,0
9682,2,0,31,62,44288,19968,0,0,1550,0
9683,2,0,31,62,20740,19968,0,0,1564,0
9684,2,0,31,62,16133,19968,0,0,1554,0
9685,2,0,31,62,16128,24064,0,0,1546,0
9686,2,0,31,62,16133,24064,0,0,1549,0
9687,2,0,31,62,24320,28160,0,0,1567,0
9688,2,0,31,62,21253,28160,0,0,1558,0
9689,2,0,31,62,24069,28160,0,0,1542,0
9690,2,0,31,62,36610,36352,0,0,1547,0
9691,2,0,31,62,52995,36352,0,0,1548,0
9692,0,0,31,49,48391,38144,0,0,3249,0
9693,2,0,31,62,3841,40448,0,0,1816,0
9694,2,0,31,62,57091,40448,0,0,1845,0
9695,0,0,31,49,5127,42496,0,0,3249,0
9696,2,0,31,62,28418,44288,0,0,1846,0
9697,2,0,31,62,3841,44800,0,0,1543,0
9698,0,0,8,46,54279,50688,0,0,3246,0
9699,0,0,22,27,28928,53760,0,0,3628,0
9700,2,0,31,62,3589,56832,0,0,1815,0
9701,2,0,31,62,57093,56832,0,0,1559,0
9702,2,0,31,15,43266,57088,0,0,1524,0
9703,0,0,8,46,54791,58368,0,0,3246,0
9704,0,0,0,0,40197,60672,0,0,3224,0
9705,0,0,8,46,15111,60672,0,0,3246,0
9706,0,0,8,46,38919,61696,0,0,3246,0
9707,0,0,31,49,25351,61952,0,0,3247,0
9708,16,0,0,0,13829,63488,0,0,3584,0
9709,16,0,0,0,30213,64000,0,0,3585,0
9710,16,0,37,64,24581,64512,0,0,3580,0
9711,16,0,19,63,36357,64512,0,0,3581,0
9712,0,0,8,46,54535,1537,0,0,3246,0
9713,16,0,33,14,23557,2561,0,0,3582,0
9714,16,0,16,14,35589,2561,0,0,3583,0
9715,2,0,31,62,39170,3585,0,0,1527,0
9716,2,0,31,62,54531,3585,0,0,1530,0
9717,2,0,14,13,43265,4097,0,0,2129,0
9718,2,0,31,14,51713,4353,0,0,2131,0
9719,2,0,7,14,19714,4353,0,0,2130,0
9720,2,0,31,62,39170,6145,0,0,1518,0
9721,2,0,31,63,57091,6657,0,0,1207,0
9722,2,0,6,13,35588,6657,0,0,2132,0
9723,2,0,31,63,24322,6913,0,0,1206,0
9724,2,0,29,14,4100,6913,0,0,2139,0
9725,2,0,31,62,57091,7681,0,0,1521,0
9726,0,0,27,34,26631,9473,0,0,3248,0
9727,16,0,9,61,37123,10241,0,0,3603,0
9728,0,0,8,46,54279,10241,0,0,3246,0
9729,0,0,12,30,38400,12033,0,0,3627,0
9730,16,0,0,0,24069,14081,0,0,3586,0
9731,16,0,23,40,10503,17153,0,0,3250,0
9732,0,0,0,0,28672,20225,0,0,3224,0
9733,0,0,27,34,48135,20225,0,0,3248,0
9734,2,0,0,0,27649,21249,0,0,1417,0
9735,16,0,8,42,36867,24321,0,0,3602,0
9736,2,0,31,62,47617,27905,0,0,2144,0
9737,2,0,31,62,44548,27905,0,0,2134,0
9738,2,0,31,62,12032,28161,0,0,1811,0
9739,16,0,8,42,48642,28673,0,0,3602,0
9740,16,0,8,42,55042,28673,0,0,3602,0
9741,16,0,8,42,30979,28673,0,0,3602,0
9742,16,0,8,42,25859,31745,0,0,3602,0
9743,2,0,31,62,27911,32257,0,0,1843,0
9744,16,0,9,61,1539,32769,0,0,3603,0
9745,16,0,9,61,18691,32769,0,0,3603,0
9746,2,0,0,0,24065,33537,0,0,1418,0
9747,16,0,8,42,59394,33537,0,0,3602,0
9748,16,0,9,61,44802,34561,0,0,3603,0
9749,2,0,0,0,36868,35585,0,0,1413,0
9750,16,0,9,61,10499,36609,0,0,3603,0
9751,2,0,31,62,44548,36609,0,0,2140,0
9752,0,0,0,0,20225,37121,0,0,2201,0
9753,2,0,0,0,36868,44289,0,0,1414,0
9754,2,0,0,0,36868,47617,0,0,1415,0
9755,2,0,31,62,43009,48641,0,0,1420,0
9756,16,0,8,42,62978,48897,0,0,3602,0
9757,16,0,9,61,39170,49153,0,0,3603,0
9758,2,0,31,62,47617,52993,0,0,2143,0
9759,16,0,8,42,18435,52993,0,0,3602,0
9760,0,0,0,0,54532,53505,0,0,2200,0
9761,2,0,31,62,47617,58113,0,0,2133,0
9762,2,0,31,62,27905,59905,0,0,1419,0
9763,2,0,31,62,24320,60929,0,0,1551,0
9764,2,0,31,62,28160,60929,0,0,1552,0
9765,2,0,0,0,50180,60929,0,0,1416,0
9766,2,0,31,62,3846,60929,0,0,1807,0
9767,2,0,31,62,44548,3586,0,0,2141,0
9768,0,0,9,39,8967,12546,0,0,2354,0
9769,0,0,31,63,38151,16642,0,0,2353,0
9770,2,0,31,63,45058,19970,0,0,1271,0
9771,2,0,31,62,48902,24066,0,0,1539,0
9772,2,0,31,63,37123,28418,0,0,1274,0
9773,16,0,8,42,8195,30722,0,0,3602,0
9774,0,0,2,37,48135,30722,0,0,2362,0
9775,2,0,31,62,52736,32258,0,0,1808,0
9776,2,0,31,62,65024,32258,0,0,1812,0
9777,0,0,29,46,39687,32770,0,0,2361,0
9778,16,0,0,0,16391,34818,0,0,3587,0
9779,0,0,0,0,13314,36610,0,0,2201,0
9780,0,0,0,0,64259,36610,0,0,2200,0
9781,0,0,32,55,51456,38658,0,0,3222,0
9782,16,0,0,0,32775,38658,0,0,3588,0
9783,16,0,37,63,25095,39682,0,0,3590,0
9784,16,0,32,17,25351,39682,0,0,3589,0
9785,16,0,4,64,33287,43522,0,0,3592,0
9786,2,0,31,62,61189,44290,0,0,1556,0
9787,16,0,2,6,34055,45058,0,0,3593,0
9788,16,0,2,21,16135,45314,0,0,3591,0
9789,2,0,27,28,49927,46338,0,0,517,0
9790,0,0,7,10,28935,47106,0,0,2563,0
9791,16,0,7,56,32263,47618,32,0,3595,0
9792,2,0,31,62,61189,48386,0,0,1817,0
9793,2,0,10,25,36871,51202,0,0,3065,0
9794,16,0,34,48,23815,52226,64,0,3594,0
9795,16,0,34,20,24583,57346,64,0,3596,0
9796,2,0,21,31,45063,59138,0,0,3067,0
9797,0,0,32,55,36613,64002,0,0,3222,0
9798,2,0,31,62,39170,6147,0,0,1519,0
9799,2,0,31,62,54531,6147,0,0,1522,0
9800,0,0,12,50,24064,11011,0,0,3629,0
9801,2,0,31,62,43266,16387,0,0,1526,0
9802,2,0,31,62,48901,24067,0,0,1557,0
9803,0,0,12,30,47104,48643,0,0,3627,0
9804,2,0,31,62,41988,54787,0,0,2138,0
9805,2,0,31,62,47617,59651,0,0,2135,0
9806,2,0,31,62,40709,60931,0,0,1842,0
9807,2,0,31,62,41730,64771,0,0,2142,0
9808,2,0,31,62,55811,64771,0,0,2145,0
9809,2,0,31,62,51713,65027,0,0,2137,0
9810,2,0,31,62,36608,15876,0,0,1840,0
9811,2,0,31,62,52995,40452,0,0,1534,0
9812,0,0,0,0,7169,9477,0,0,3224,0
9813,2,0,31,62,65282,15877,0,0,1545,0
9814,0,0,22,27,41221,16901,0,0,3628,0
9815,0,0,14,20,18176,19461,0,0,3223,0
9816,16,0,0,0,32768,26629,0,0,3584,0
9817,16,0,0,0,49152,27141,0,0,3585,0
9818,16,0,37,64,43520,27653,0,0,3580,0
9819,16,0,19,63,55296,27653,0,0,3581,0
9820,0,0,0,0,50947,28677,0,0,3224,0
9821,0,0,22,27,15876,29189,0,0,3628,0
9822,16,0,33,14,42496,31237,0,0,3582,0
9823,16,0,16,14,54528,31237,0,0,3583,0
9824,0,0,14,20,40452,32517,0,0,3223,0
9825,0,0,32,55,47360,33285,0,0,3222,0
9826,0,0,12,50,29187,36613,0,0,3629,0
9827,0,0,22,22,56832,36869,0,0,3225,0
9828,0,0,22,22,42756,40197,0,0,3225,0
9829,16,0,0,0,42752,42757,0,0,3586,0
9830,0,0,22,27,4355,518,0,0,3628,0
9831,2,0,0,0,28420,2816,0,0,125,0
9832,2,0,29,35,25095,12544,0,0,3554,0
9833,2,0,31,27,43014,14592,0,0,513,0
9834,2,0,15,18,13575,16640,0,0,506,0
9835,16,0,36,63,44288,27392,0,0,2614,0
9836,16,0,15,48,54016,27648,0,0,2615,0
9837,2,0,7,15,35079,36608,0,0,211,0
9838,2,0,31,13,31748,36864,0,0,655,0
9839,2,0,31,48,23815,36864,0,0,3555,0
9840,2,0,7,15,30209,40704,0,0,212,0
9841,16,0,16,54,54016,41472,0,0,2617,0
9842,16,0,29,55,40960,41728,0,0,2616,0
9843,2,0,31,27,46086,43520,0,0,514,0
9844,2,0,31,20,12807,44032,0,0,503,0
9845,2,0,8,49,6150,48384,0,0,653,0
9846,0,0,30,55,41220,51968,0,0,3226,0
9847,2,0,31,18,35072,64000,0,0,502,0
9848,2,0,15,18,60160,257,0,0,505,0
9849,2,0,7,12,62976,513,0,0,207,0
9850,0,0,0,0,60420,13825,0,0,3175,0
9851,2,0,0,36,8199,15361,0,0,3087,0
9852,0,0,7,10,33541,19969,0,0,3174,0
9853,2,0,12,60,13056,29441,0,0,512,0
9854,2,0,12,60,35584,29953,0,0,509,0
9855,2,0,31,63,24320,30465,0,0,508,0
9856,0,0,6,14,47365,30977,0,0,3172,0
9857,0,0,7,10,52228,35841,0,0,3173,0
9858,2,0,8,50,8454,35841,0,0,654,0
9859,2,0,31,15,62978,36865,0,0,504,0
9860,2,0,5,15,34819,38913,0,0,216,0
9861,2,0,0,36,4870,63233,0,0,3093,0
9862,2,0,12,63,9478,1026,0,0,3846,0
9863,0,0,12,24,56065,15362,0,0,1878,0
9864,2,0,4,15,32519,16130,0,0,217,0
9865,2,0,0,36,54022,18946,0,0,3090,0
9866,2,0,4,15,4871,23298,0,0,215,0
9867,0,0,30,63,7425,32514,0,0,2674,0
9868,2,0,7,10,33798,34050,0,0,209,0
9869,16,0,29,50,58113,38914,0,0,3129,0
9870,2,0,11,13,1281,40194,0,0,2686,0
9871,2,0,7,9,30464,53506,0,0,210,0
9872,2,0,7,12,27138,58114,0,0,206,0
9873,2,0,7,8,9729,61186,0,0,208,0
9874,2,0,7,12,13825,61186,0,0,206,0
9875,0,0,31,63,13568,1027,0,0,2675,0
9876,0,0,30,63,43521,8963,0,0,2676,0
9877,2,0,0,36,43012,23043,0,0,3089,0
9878,2,0,0,0,19974,29699,0,0,2717,0
9879,2,0,31,16,4352,49923,0,0,656,0
9880,16,0,28,58,38145,63491,0,0,2796,0
9881,16,0,31,48,7425,3332,0,0,2794,0
9882,16,0,18,46,20481,3588,0,0,2795,0
9883,16,0,0,0,10497,53508,0,0,736,0
9884,16,0,0,0,26881,55812,0,0,737,0
9885,2,0,32,64,58116,36613,0,0,3847,0
9886,2,0,0,36,33541,43781,0,0,3088,0
9887,2,0,0,36,26118,45573,0,0,3091,0
9888,2,0,19,63,32774,47109,0,0,3848,0
9889,2,0,0,36,38661,5382,0,0,3083,0
9890,2,0,31,62,7169,13056,0,0,1471,0
9891,2,0,31,62,49409,15872,0,0,1463,0
9892,2,0,31,62,258,15872,0,0,1466,0
9893,2,0,31,62,16642,15872,0,0,1468,0
9894,2,0,31,62,33026,15872,0,0,1464,0
9895,2,0,31,62,49410,15872,0,0,1465,0
9896,2,0,31,62,58630,15872,0,0,1467,0
9897,2,0,31,62,7169,29440,0,0,1472,0
9898,16,0,13,34,49155,44032,0,0,2732,0
9899,16,0,13,34,15876,44800,0,0,2732,0
9900,16,0,14,35,49155,56320,0,0,2733,0
9901,16,0,14,35,16388,56320,0,0,2733,0
9902,16,0,13,34,16388,2561,0,0,2732,0
9903,16,0,13,34,49667,3329,0,0,2732,0
9904,2,0,20,27,11777,9474,0,0,145,0
9905,2,0,10,16,18951,19970,0,0,55,0
9906,2,0,31,61,44806,32514,0,0,51,0
9907,2,0,31,63,61190,32514,0,0,45,0
9908,2,0,23,63,9991,32514,0,0,54,0
9909,2,0,10,63,18439,36354,0,0,61,0
9910,2,0,10,63,34566,37378,0,0,59,0
9911,2,0,31,63,10498,40962,64,0,147,0
9912,2,0,28,63,11522,40962,0,0,149,0
9913,2,0,23,63,24834,40962,0,0,150,0
9914,2,0,25,59,25346,40962,64,0,148,0
9915,2,0,10,61,33798,11523,0,0,49,0
9916,2,0,10,62,18183,11779,0,0,47,0
9917,2,0,31,61,7943,12291,0,0,32,0
9918,2,0,9,3,34054,12547,0,0,50,0
9919,2,0,31,63,44550,12547,0,0,30,0
9920,2,0,9,3,18439,12803,0,0,48,0
9921,2,0,23,48,13314,29699,0,0,236,0
9922,2,0,29,50,29698,30211,0,0,237,0
9923,2,0,31,63,13570,33539,64,0,234,0
9924,2,0,27,59,28930,33539,64,0,235,0
9925,2,0,0,0,61700,44803,0,0,42,0
9926,2,0,31,61,49156,48899,0,0,46,0
9927,2,0,7,53,59396,48899,0,0,43,0
9928,2,0,7,61,6149,48899,0,0,44,0
9929,2,0,15,63,12293,48899,0,0,53,0
9930,2,0,9,15,22276,56835,0,0,60,0
9931,0,0,21,26,27650,9220,0,0,785,0
9932,2,0,31,61,48900,24068,0,0,31,0
9933,2,0,15,63,12037,24324,0,0,36,0
9934,2,0,31,62,28930,28420,0,0,69,0
9935,2,0,15,62,40962,28420,0,0,72,0
9936,0,0,0,0,27654,36868,0,0,1430,0
9937,2,0,31,62,44803,61188,0,0,70,0
9938,16,0,16,16,38657,11269,0,0,2610,0
9939,2,0,31,62,8449,12805,0,0,1469,0
9940,2,0,31,62,7937,29189,0,0,1470,0
9941,2,0,31,48,8199,13568,0,0,510,0
9942,2,0,31,48,24327,13824,0,0,511,0
9943,2,0,12,60,52741,14592,0,0,509,0
9944,2,0,12,60,58885,14848,0,0,512,0
9945,0,0,0,0,18178,16640,0,0,3235,0
9946,2,0,0,0,43520,18176,0,0,2660,0
9947,0,0,0,0,57606,18432,0,0,3234,0
9948,0,0,0,0,34310,19712,0,0,3235,0
9949,2,0,21,22,36864,20992,0,0,3346,0
9950,0,0,0,0,20996,21504,0,0,3234,0
9951,2,0,21,39,56834,22272,0,0,3348,0
9952,16,0,41,63,39169,24576,0,0,2993,0
9953,16,0,31,64,63233,25088,0,0,2995,0
9954,0,0,0,0,64512,25856,0,0,3235,0
9955,2,0,31,63,35078,25856,0,0,508,0
9956,2,0,5,11,14339,27904,0,0,2114,0
9957,16,0,30,62,48641,28160,0,0,2994,0
9958,16,0,18,13,59649,28416,0,0,2996,0
9959,0,0,32,29,25862,29184,0,0,3345,0
9960,0,0,30,55,27139,29952,0,0,3226,0
9961,2,0,23,36,4611,30720,0,0,455,0
9962,0,0,29,37,64003,33024,0,0,3344,0
9963,2,0,31,18,35329,35072,0,0,502,0
9964,2,0,31,15,51713,35072,0,0,504,0
9965,2,0,7,12,61441,35072,0,0,207,0
9966,2,0,9,25,47618,40704,0,0,2220,0
9967,2,0,5,15,1026,42240,0,0,216,0
9968,2,0,31,27,63236,43776,0,0,514,0
9969,2,0,31,20,29957,43776,0,0,503,0
9970,2,0,31,27,14085,44032,0,0,513,0
9971,2,0,15,18,49155,44288,0,0,505,0
9972,2,0,15,18,23555,44544,0,0,506,0
9973,2,0,8,20,63490,45312,0,0,523,0
9974,2,0,9,25,47618,45824,0,0,533,0
9975,2,0,11,29,6147,46080,0,0,2589,0
9976,0,0,29,37,12039,46080,0,0,3344,0
9977,2,0,7,12,52227,46592,0,0,206,0
9978,2,0,11,25,54530,47872,0,0,2222,0
9979,2,0,7,15,17411,48640,0,0,211,0
9980,2,0,16,54,16384,49408,0,0,3347,0
9981,2,0,7,15,46594,51200,0,0,212,0
9982,0,0,0,0,10754,55552,0,0,3233,0
9983,0,0,0,0,44800,56832,0,0,3233,0
9984,0,0,0,0,29185,65280,0,0,3234,0
9985,2,0,7,12,26627,7425,0,0,206,0
9986,2,0,4,15,59907,7937,0,0,217,0
9987,0,0,0,0,46086,8705,0,0,3234,0
9988,0,0,0,0,8192,10241,0,0,3234,0
9989,0,0,0,0,46087,10497,0,0,3235,0
9990,0,0,32,29,40199,14593,0,0,3345,0
9991,2,0,19,30,38147,23553,0,0,3349,0
9992,0,0,0,0,62976,30465,0,0,3235,0
9993,0,0,0,0,13314,41985,0,0,3235,0
9994,0,0,0,0,51717,61185,0,0,3233,0
9995,0,0,0,0,63492,3074,0,0,3233,0
9996,0,0,0,0,63747,4098,0,0,3233,0
9997,0,0,0,0,55552,7426,0,0,3233,0
9998,0,0,0,0,64513,7682,0,0,3233,0
9999,2,0,9,25,45062,8706,0,0,532,0
10000,0,0,0,0,8448,14082,0,0,3234,0
10001,2,0,18,53,12295,16642,0,0,2217,0
10002,0,0,0,0,25605,24322,0,0,3235,0
10003,0,0,0,0,29444,25602,0,0,3234,0
10004,0,0,0,0,29697,28418,0,0,3234,0
10005,0,0,0,0,4868,34306,0,0,3235,0
10006,0,0,0,0,46594,41986,0,0,3234,0
10007,16,0,41,63,771,44546,0,0,2993,0
10008,16,0,31,64,24835,45058,0,0,2995,0
10009,0,0,0,0,18178,46594,0,0,3235,0
10010,16,0,30,62,10243,48130,0,0,2994,0
10011,16,0,18,13,21507,48642,0,0,2996,0
10012,2,0,9,19,18438,49410,0,0,2223,0
10013,0,0,29,37,26375,54018,0,0,3344,0
10014,0,0,0,0,57344,57602,0,0,3235,0
10015,2,0,31,34,50183,259,0,0,2214,0
10016,2,0,7,6,6147,13059,0,0,205,0
10017,0,0,0,0,32772,14851,0,0,3234,0
10018,0,0,0,0,43776,24323,0,0,3233,0
10019,2,0,31,34,40966,24579,0,0,2215,0
10020,2,0,23,33,47111,29443,0,0,2226,0
10021,2,0,27,43,30471,37891,0,0,515,0
10022,0,0,0,0,5380,42243,0,0,3235,0
10023,2,0,7,6,9477,45571,0,0,204,0
10024,16,0,28,63,16902,51203,0,0,2652,0
10025,16,0,26,48,7686,51971,0,0,955,0
10026,0,0,0,0,31492,52227,0,0,3233,0
10027,16,0,27,63,33030,53763,0,0,2653,0
10028,16,0,30,63,50182,53763,0,0,2654,0
10029,0,0,32,29,35841,56323,0,0,3345,0
10030,16,0,12,19,15622,56323,0,0,2656,0
10031,16,0,27,63,263,57603,0,0,2655,0
10032,2,0,27,28,43015,58371,0,0,542,0
10033,16,0,21,35,23558,60419,0,0,2657,0
10034,16,0,23,25,36358,60419,0,0,2658,0
10035,16,0,27,25,53766,60419,0,0,2659,0
10036,0,0,12,19,46343,65283,0,0,1945,0
10037,0,0,0,0,42497,5636,0,0,3235,0
10038,0,0,29,37,8705,5892,0,0,3344,0
10039,2,0,18,46,8455,8708,0,0,516,0
10040,0,0,0,0,512,9476,0,0,3234,0
10041,0,0,0,0,26373,10500,0,0,3235,0
10042,0,0,16,19,18439,12036,0,0,1944,0
10043,2,0,21,32,45831,14340,0,0,3061,0
10044,0,0,0,0,1284,17668,0,0,3235,0
10045,0,0,32,29,64260,26628,0,0,3345,0
10046,0,0,0,0,57093,28932,0,0,3233,0
10047,0,0,0,0,50181,41220,0,0,3234,0
10048,0,0,0,0,2821,41476,0,0,3233,0
10049,0,0,32,29,19462,48900,0,0,3345,0
10050,0,0,0,0,19714,64772,0,0,3233,0
10051,0,0,32,29,63748,261,0,0,3345,0
10052,0,0,0,0,49157,7173,0,0,3234,0
10053,2,0,5,15,7941,7685,0,0,218,0
10054,0,0,0,0,26112,12549,0,0,3233,0
10055,2,0,19,45,52231,15365,0,0,524,0
10056,2,0,19,28,52231,20997,0,0,525,0
10057,2,0,27,32,30727,21253,0,0,520,0
10058,2,0,6,22,14343,23301,0,0,458,0
10059,2,0,6,15,17159,24325,0,0,459,0
10060,2,0,6,14,15623,26885,0,0,457,0
10061,0,0,29,37,774,36357,0,0,3344,0
10062,0,0,29,37,43779,41477,0,0,3344,0
10063,0,0,0,0,28420,44549,0,0,3234,0
10064,0,0,0,0,49925,45573,0,0,3234,0
10065,0,0,0,0,25861,45829,0,0,3235,0
10066,2,0,24,24,50695,54277,0,0,3350,0
10067,2,0,7,14,42759,54533,0,0,3352,0
10068,0,0,0,51,33543,57349,0,0,3354,0
10069,0,0,35,52,33287,57605,0,0,3353,0
10070,2,0,5,14,54535,59653,0,0,3351,0
10071,2,0,7,9,63490,518,0,0,210,0
10072,0,0,0,16,64000,0,0,0,3718,0
10073,0,0,4,33,10498,8704,0,0,3703,0
10074,0,0,0,0,63488,12032,0,0,3717,0
10075,0,0,0,0,59648,12544,0,0,3716,0
10076,0,0,0,0,63233,12800,0,0,3626,0
10077,0,0,33,48,5122,12800,0,0,3624,0
10078,2,0,19,30,52224,15872,0,0,3349,0
10079,2,0,0,36,54787,22016,0,0,3085,0
10080,2,0,31,20,64000,27648,0,0,503,0
10081,2,0,7,15,6145,29184,0,0,212,0
10082,2,0,31,40,65286,29696,0,0,601,0
10083,16,0,12,46,19713,31232,0,0,2922,0
10084,2,0,7,15,6146,31744,0,0,211,0
10085,2,0,7,12,6149,35840,0,0,206,0
10086,2,0,7,12,62979,36864,0,0,207,0
10087,2,0,15,18,11520,37120,0,0,505,0
10088,16,0,28,63,40194,37888,0,0,2652,0
10089,2,0,15,18,57091,38656,0,0,506,0
10090,16,0,26,48,30978,38912,0,0,955,0
10091,2,0,16,32,35589,38912,0,0,3724,0
10092,2,0,0,0,23042,39424,0,0,2660,0
10093,16,0,27,63,56322,40448,0,0,2653,0
10094,16,0,30,63,7683,40448,0,0,2654,0
10095,2,0,4,15,19968,40960,0,0,215,0
10096,16,0,12,19,38914,43008,0,0,2656,0
10097,16,0,27,63,23299,44288,0,0,2655,0
10098,2,0,31,40,28933,46080,0,0,600,0
10099,16,0,21,35,46850,47104,0,0,2657,0
10100,16,0,23,25,59650,47104,0,0,2658,0
10101,16,0,27,25,11523,47104,0,0,2659,0
10102,2,0,31,18,45825,47872,0,0,502,0
10103,2,0,16,54,36867,50688,0,0,3347,0
10104,2,0,21,22,38659,55296,0,0,3346,0
10105,16,0,12,46,21764,56832,0,0,2922,0
10106,2,0,7,8,30467,57600,0,0,208,0
10107,2,0,31,15,36098,59136,0,0,504,0
10108,2,0,31,48,24832,64768,0,0,3555,0
10109,0,0,0,16,62464,64768,0,0,3718,0
10110,0,0,0,16,60931,513,0,0,3718,0
10111,0,0,4,33,6149,9473,0,0,3703,0
10112,0,0,4,33,9986,10241,0,0,3703,0
10113,0,0,0,0,61952,11265,0,0,3717,0
10114,0,0,0,0,58112,11777,0,0,3716,0
10115,0,0,0,0,60675,12545,0,0,3717,0
10116,0,0,0,0,56835,13313,0,0,3716,0
10117,0,0,0,0,58116,13313,0,0,3626,0
10118,0,0,33,48,773,13313,0,0,3624,0
10119,2,0,30,55,20224,13825,0,0,3558,0
10120,0,0,0,0,62465,14337,0,0,3626,0
10121,0,0,33,48,4610,14337,0,0,3624,0
10122,16,0,12,46,36869,15361,0,0,2922,0
10123,0,0,0,0,7173,18433,0,0,3709,0
10124,0,0,30,48,18949,18433,0,0,3706,0
10125,0,0,0,16,56837,20225,0,0,3710,0
10126,2,0,23,33,24320,21505,0,0,2226,0
10127,0,0,30,55,21249,28161,0,0,3226,0
10128,2,0,7,10,2053,30465,0,0,209,0
10129,0,0,0,0,60933,32513,0,0,3711,0
10130,2,0,10,20,30982,34817,0,0,3727,0
10131,2,0,21,26,34055,38913,0,0,3730,0
10132,2,0,0,36,62978,44289,0,0,3091,0
10133,2,0,5,15,60930,45825,0,0,216,0
10134,2,0,7,12,58371,48385,0,0,206,0
10135,16,0,12,46,29697,50177,0,0,2922,0
10136,0,0,32,31,15616,13314,0,0,3623,0
10137,0,0,32,31,65027,14338,0,0,3623,0
10138,2,0,7,9,31234,25602,0,0,210,0
10139,2,0,31,27,40706,27394,0,0,514,0
10140,2,0,5,15,6400,27650,0,0,218,0
10141,2,0,31,27,56578,27906,0,0,513,0
10142,2,0,0,36,12295,30722,0,0,3089,0
10143,0,0,0,0,52999,35330,0,0,3626,0
10144,0,0,33,48,60935,35330,0,0,3624,0
10145,0,0,0,16,13575,35586,0,0,3718,0
10146,0,0,0,0,19715,40450,0,0,3234,0
10147,0,0,5,33,1024,40706,0,0,3705,0
10148,16,0,12,46,55040,42754,0,0,2922,0
10149,0,0,0,0,0,44546,0,0,3709,0
10150,0,0,30,48,11520,44546,0,0,3706,0
10151,0,0,0,16,55808,44546,0,0,3710,0
10152,0,0,0,0,13063,47618,0,0,3717,0
10153,0,0,0,0,9223,48130,0,0,3716,0
10154,2,0,24,24,48899,50690,0,0,3350,0
10155,0,0,0,0,59904,56834,0,0,3711,0
10156,16,0,12,46,54790,65282,0,0,2922,0
10157,2,0,31,16,59904,9219,0,0,656,0
10158,2,0,31,13,43776,11011,0,0,655,0
10159,0,0,0,16,41990,17411,0,0,3710,0
10160,0,0,5,33,41221,22019,0,0,3705,0
10161,0,0,0,0,39685,25603,0,0,3709,0
10162,0,0,30,48,51717,25603,0,0,3706,0
10163,0,0,0,0,53764,26883,0,0,3626,0
10164,0,0,33,48,61956,26883,0,0,3624,0
10165,0,0,12,26,30464,29699,0,0,3615,0
10166,0,0,0,0,46086,29699,0,0,3711,0
10167,0,0,20,25,44800,29955,0,0,3616,0
10168,0,0,33,38,58880,30467,0,0,3618,0
10169,0,0,30,55,18176,31235,0,0,3226,0
10170,0,0,0,16,17412,31235,0,0,3718,0
10171,0,0,23,25,1793,32003,0,0,3617,0
10172,2,0,12,63,4356,32259,0,0,3841,0
10173,0,0,0,16,13826,34563,0,0,3718,0
10174,0,0,23,25,17152,35075,0,0,3617,0
10175,0,0,23,25,26624,35075,0,0,3617,0
10176,0,0,32,31,62208,41987,0,0,3620,0
10177,0,0,0,0,16900,43267,0,0,3717,0
10178,0,0,29,37,33024,43523,0,0,3344,0
10179,0,0,0,0,13060,43779,0,0,3716,0
10180,0,0,30,52,19456,46339,0,0,3619,0
10181,0,0,0,0,13314,46595,0,0,3717,0
10182,16,0,12,46,29702,47107,0,0,2922,0
10183,0,0,0,0,9474,47363,0,0,3716,0
10184,0,0,0,0,14851,48131,0,0,3626,0
10185,16,0,6,10,44288,48387,0,0,2990,0
10186,0,0,23,25,35072,49923,0,0,3617,0
10187,0,0,29,37,57856,50947,0,0,3344,0
10188,0,0,33,38,24320,51459,0,0,3618,0
10189,0,0,32,31,28160,56323,0,0,3620,0
10190,0,0,29,37,41216,56579,0,0,3344,0
10191,0,0,32,31,64000,56579,0,0,3620,0
10192,0,0,23,25,64000,59651,0,0,3617,0
10193,16,0,12,46,26626,60675,0,0,2922,0
10194,2,0,30,63,26884,62211,0,0,3844,0
10195,0,0,12,26,17920,62979,0,0,3615,0
10196,0,0,20,25,32256,63235,0,0,3616,0
10197,16,0,12,46,33028,65283,0,0,2922,0
10198,0,0,5,33,4352,7428,0,0,3705,0
10199,16,0,12,46,26368,8708,0,0,2922,0
10200,0,0,4,33,41731,8964,0,0,3703,0
10201,0,0,0,0,2816,11780,0,0,3709,0
10202,0,0,30,48,14848,11780,0,0,3706,0
10203,0,0,33,48,36355,13316,0,0,3624,0
10204,16,0,41,63,9731,19716,0,0,2993,0
10205,2,0,8,49,60416,20228,0,0,653,0
10206,16,0,31,64,33539,20740,0,0,2995,0
10207,16,0,30,62,19203,23300,0,0,2994,0
10208,16,0,18,13,30467,23812,0,0,2996,0
10209,16,0,12,46,45828,47108,0,0,2922,0
10210,2,0,12,63,47616,60420,0,0,3846,0
10211,2,0,31,63,60160,61956,0,0,3850,0
10212,16,0,12,26,49412,18181,0,0,3180,0
10213,0,0,0,0,50948,26885,0,0,3235,0
10214,0,0,4,33,43779,27141,0,0,3703,0
10215,16,0,12,46,8195,28421,0,0,2922,0
10216,2,0,7,7,51970,29445,0,0,507,0
10217,0,0,0,0,30723,31493,0,0,3626,0
10218,0,0,33,48,38403,31749,0,0,3624,0
10219,0,0,0,49,52225,33285,0,0,3178,0
10220,0,0,0,16,44802,34053,0,0,3718,0
10221,0,0,0,0,512,34565,0,0,3709,0
10222,0,0,0,16,39680,35589,0,0,3710,0
10223,0,0,0,0,44290,46085,0,0,3717,0
10224,0,0,0,0,40450,46597,0,0,3716,0
10225,0,0,5,33,55299,46853,0,0,3705,0
10226,0,0,0,0,43776,47877,0,0,3711,0
10227,16,0,12,46,2055,48133,0,0,2922,0
10228,0,0,0,0,54019,50693,0,0,3709,0
10229,0,0,30,48,260,50693,0,0,3706,0
10230,0,0,0,0,8709,52229,0,0,3234,0
10231,0,0,27,15,49153,53509,0,0,3179,0
10232,0,0,0,0,10503,59141,0,0,3709,0
10233,0,0,30,48,22279,59141,0,0,3706,0
10234,16,0,41,63,18181,61445,0,0,2993,0
10235,16,0,31,64,42245,61957,0,0,2995,0
10236,16,0,31,64,52741,61957,0,0,2995,0
10237,16,0,31,64,63237,61957,0,0,2995,0
10238,16,0,31,64,8198,61957,0,0,2995,0
10239,2,0,8,50,10240,63749,0,0,654,0
10240,16,0,30,62,27653,65029,0,0,2994,0
10241,16,0,18,13,38917,65285,0,0,2996,0
10242,16,0,18,13,48645,65285,0,0,2996,0
10243,16,0,18,13,58629,65285,0,0,2996,0
10244,16,0,18,13,3078,65285,0,0,2996,0
10245,2,0,7,6,51461,4870,0,0,204,0
10246,2,0,10,22,53250,5632,0,0,1216,0
10247,2,0,31,63,38405,7936,0,0,1144,0
10248,2,0,31,63,38406,7936,0,0,1233,0
10249,2,0,31,27,37121,10240,0,0,756,0
10250,2,0,31,63,49154,16128,0,0,1232,0
10251,2,0,31,63,1283,16128,0,0,1245,0
10252,2,0,31,63,17667,16128,0,0,1246,0
10253,2,0,31,63,12292,16128,0,0,1145,0
10254,2,0,31,63,28164,16128,0,0,1147,0
10255,0,0,0,0,7428,19456,0,0,2662,0
10256,0,0,0,0,23812,19456,0,0,2663,0
10257,0,0,0,0,40196,19456,0,0,2664,0
10258,0,0,0,0,56580,19456,0,0,2665,0
10259,2,0,10,15,10757,20224,0,0,1199,0
10260,16,0,20,42,57346,22272,0,0,3740,0
10261,16,0,20,42,28675,22528,0,0,3740,0
10262,16,0,10,26,42243,22784,0,0,3764,0
10263,16,0,11,27,44290,23296,0,0,3762,0
10264,2,0,31,15,36613,24064,0,0,1196,0
10265,2,0,10,63,43526,24320,0,0,1153,0
10266,2,0,31,63,24071,24320,0,0,1146,0
10267,16,0,31,51,48903,27904,0,0,3416,0
10268,16,0,10,16,42243,29184,0,0,3765,0
10269,16,0,8,17,44290,29696,0,0,3763,0
10270,16,0,0,0,45568,29952,0,0,2805,0
10271,16,0,0,0,61952,29952,0,0,2806,0
10272,2,0,10,63,62723,32512,0,0,1156,0
10273,16,0,12,48,5124,34816,0,0,3752,0
10274,0,0,0,0,7428,35840,0,0,2666,0
10275,0,0,0,0,23812,35840,0,0,2667,0
10276,0,0,0,0,40196,35840,0,0,2668,0
10277,0,0,0,0,56580,35840,0,0,2669,0
10278,2,0,31,62,15622,36096,0,0,1262,0
10279,16,0,17,22,5124,40448,0,0,3753,0
10280,2,0,30,46,36355,40960,0,0,777,0
10281,2,0,31,46,49410,41472,0,0,776,0
10282,16,0,0,0,46336,46336,0,0,2807,0
10283,16,0,0,0,61952,46336,0,0,2808,0
10284,16,0,27,36,15362,55296,0,0,2593,0
10285,16,0,18,63,4613,56832,0,0,3754,0
10286,18,0,17,53,49412,57088,0,0,3755,0
10287,2,0,31,63,20230,57088,0,0,1274,0
10288,2,0,31,63,2564,60928,0,0,1224,0
10289,2,0,7,15,11012,60928,0,0,1220,0
10290,2,0,7,15,24580,60928,0,0,1219,0
10291,2,0,15,15,28420,60928,0,0,1194,0
10292,2,0,15,28,9221,60928,0,0,1197,0
10293,2,0,10,31,54790,63488,0,0,1157,0
10294,2,0,15,28,56070,3585,0,0,1193,0
10295,2,0,31,63,54535,3585,0,0,1225,0
10296,2,0,10,22,13571,5633,0,0,1215,0
10297,2,0,7,15,14342,6913,0,0,1195,0
10298,2,0,15,27,63745,8193,0,0,1030,0
10299,2,0,15,27,56321,8449,0,0,1029,0
10300,2,0,15,19,11270,11777,0,0,1214,0
10301,2,0,15,19,19206,11777,0,0,1213,0
10302,2,0,0,0,34820,13057,0,0,1429,0
10303,2,0,10,15,16391,13569,0,0,1202,0
10304,2,0,10,63,58886,15873,0,0,1218,0
10305,2,0,31,63,23047,15873,0,0,1261,0
10306,2,0,10,63,9987,16129,0,0,1151,0
10307,2,0,10,63,26627,16385,0,0,1149,0
10308,2,0,10,63,30212,20481,0,0,1204,0
10309,2,0,31,63,40708,20481,0,0,1428,0
10310,2,0,31,62,53766,24065,0,0,1231,0
10311,2,0,10,63,43526,24321,0,0,1150,0
10312,2,0,31,27,17920,26369,0,0,755,0
10313,16,0,30,50,32775,27137,0,0,3414,0
10314,2,0,31,20,57344,28673,0,0,754,0
10315,2,0,31,18,8193,28929,0,0,752,0
10316,2,0,15,19,45568,29953,0,0,1027,0
10317,2,0,24,27,14338,31233,0,0,1024,0
10318,0,0,30,63,42757,32257,0,0,2676,0
10319,2,0,23,27,20993,32513,0,0,1026,0
10320,2,0,31,63,11523,32513,0,0,1270,0
10321,2,0,15,32,55812,45057,0,0,1229,0
10322,18,0,30,63,20480,48897,0,0,3270,0
10323,18,0,30,63,36864,48897,0,0,2812,0
10324,18,0,30,63,52992,48897,0,0,3272,0
10325,18,0,30,63,19969,48897,0,0,3271,0
10326,18,0,30,63,36353,48897,0,0,2813,0
10327,2,0,19,63,50948,52993,0,0,1263,0
10328,2,0,10,63,43782,56065,0,0,1217,0
10329,2,0,10,31,27395,56833,0,0,1198,0
10330,2,0,7,60,28163,60161,0,0,771,0
10331,2,0,10,15,47363,3586,0,0,1155,0
10332,2,0,10,63,50948,3842,0,0,1200,0
10333,2,0,7,31,4358,8194,0,0,775,0
10334,2,0,10,63,14083,9218,0,0,1203,0
10335,2,0,9,60,64257,9474,0,0,770,0
10336,2,0,9,31,64257,12034,0,0,774,0
10337,2,0,31,62,48902,16130,0,0,1230,0
10338,2,0,31,63,53509,16898,0,0,1273,0
10339,16,0,20,50,8452,20226,0,0,3739,0
10340,2,0,7,15,47108,20482,0,0,773,0
10341,2,0,10,31,39431,24578,0,0,1154,0
10342,2,0,15,52,56068,29954,0,0,1227,0
10343,16,0,10,29,28417,46338,0,0,1129,0
10344,16,0,10,29,20224,46594,0,0,1129,0
10345,2,0,31,63,37123,53250,0,0,1272,0
10346,16,0,28,58,62210,55042,0,0,2796,0
10347,2,0,20,47,57088,57602,0,0,2785,0
10348,2,0,10,31,50434,61954,0,0,1201,0
10349,2,0,21,29,57088,65282,0,0,2786,0
10350,16,0,31,48,8451,6147,0,0,2794,0
10351,16,0,18,46,21507,6403,0,0,2795,0
10352,16,0,10,29,20224,13827,0,0,1129,0
10353,16,0,10,29,28417,14083,0,0,1129,0
10354,16,0,46,48,48902,17667,0,0,3772,0
10355,16,0,0,51,48902,18435,0,0,3773,0
10356,16,0,28,58,50690,38147,0,0,2796,0
10357,16,0,30,50,11526,39939,0,0,3414,0
10358,2,0,20,57,34563,41219,0,0,2789,0
10359,16,0,31,51,43270,44035,0,0,3416,0
10360,16,0,10,29,20224,46595,0,0,1129,0
10361,16,0,10,29,28417,46595,0,0,1129,0
10362,2,0,14,57,45570,56579,0,0,2790,0
10363,16,0,15,48,32517,57859,0,0,3766,0
10364,16,0,47,47,57093,58371,0,0,3770,0
10365,16,0,0,48,57349,58627,0,0,3771,0
10366,16,0,46,48,36871,62979,0,0,3772,0
10367,16,0,0,51,36871,63747,0,0,3773,0
10368,2,0,15,52,5377,64515,0,0,1226,0
10369,16,0,11,37,31493,1796,0,0,3767,0
10370,2,0,7,63,46336,20228,0,0,2347,0
10371,2,0,0,0,47362,21252,0,0,1427,0
10372,2,0,10,15,26116,28420,0,0,1158,0
10373,2,0,31,63,52994,28676,0,0,1426,0
10374,2,0,29,22,51971,30980,0,0,2793,0
10375,2,0,12,45,13060,32004,0,0,3276,0
10376,2,0,15,15,32256,40708,0,0,1221,0
10377,2,0,14,15,16129,40708,0,0,1222,0
10378,2,0,29,36,61956,51972,0,0,3279,0
10379,0,0,10,16,58884,52996,24,0,3287,0
10380,0,0,10,16,6661,52996,24,0,3287,0
10381,0,0,10,16,20229,52996,24,0,3287,0
10382,0,0,10,16,33541,53252,24,0,3287,0
10383,0,0,10,16,47621,53252,24,0,3287,0
10384,2,0,8,47,54533,56324,0,0,3275,0
10385,2,0,8,46,51204,56580,0,0,3275,0
10386,2,0,30,47,62212,64260,0,0,3280,0
10387,2,0,17,14,57344,64772,0,0,1223,0
10388,2,0,12,45,58884,3845,0,0,3277,0
10389,2,0,15,62,24836,4869,0,0,1264,0
10390,2,0,31,63,45057,27653,0,0,1910,0
10391,2,0,31,63,39937,27909,0,0,1908,0
10392,2,0,31,63,30465,33029,0,0,1906,0
10393,2,0,31,63,50433,33029,0,0,1912,0
10394,2,0,31,63,25345,35845,0,0,1904,0
10395,0,0,31,63,64259,36101,0,0,2675,0
10396,2,0,31,63,59649,36869,0,0,1914,0
10397,2,0,31,63,39937,39685,0,0,1909,0
10398,2,0,31,63,45057,39685,0,0,1911,0
10399,18,0,38,49,58373,41989,0,0,3774,0
10400,18,0,1,51,59653,42501,0,0,3775,0
10401,2,0,31,63,50433,44293,0,0,1913,0
10402,2,0,31,63,30465,44805,0,0,1907,0
10403,2,0,31,63,25345,47621,0,0,1905,0
10404,16,0,20,50,36865,48389,0,0,3739,0
10405,2,0,31,63,59649,48901,0,0,1915,0
10406,16,0,10,26,59655,52229,0,0,3764,0
10407,0,0,7,11,62978,56325,0,0,3285,0
10408,18,0,18,61,29184,56837,0,0,3756,0
10409,2,0,15,32,57092,3590,0,0,1228,0
10410,2,0,29,54,1794,15872,0,0,1626,0
10411,2,0,11,63,56577,19200,0,0,1628,0
10412,2,0,12,63,30210,19200,0,0,1760,0
10413,2,0,28,15,1538,19968,0,0,1627,0
10414,2,0,31,62,43520,21248,0,0,1644,0
10415,2,0,0,0,6658,21248,0,0,2693,0
10416,2,0,13,63,55296,22528,0,0,1660,0
10417,2,0,11,63,32512,22784,0,0,1646,0
10418,2,0,30,7,43264,23040,0,0,1645,0
10419,2,0,0,0,16898,23296,0,0,2166,0
10420,2,0,8,63,35330,24064,0,0,1634,0
10421,2,0,8,19,55809,24320,0,0,1629,0
10422,2,0,0,0,1538,25088,0,0,2697,0
10423,2,0,14,22,30722,25088,0,0,1631,0
10424,2,0,0,0,10242,26368,0,0,2692,0
10425,2,0,12,23,55040,28160,0,0,1661,0
10426,2,0,9,22,32000,28416,0,0,1647,0
10427,2,0,0,0,8450,28672,0,0,2694,0
10428,2,0,14,20,40704,29696,0,0,2770,0
10429,2,0,0,0,12288,30464,0,0,2174,0
10430,2,0,0,0,25600,30464,0,0,2175,0
10431,2,0,0,0,6914,30720,0,0,2695,0
10432,2,0,10,15,49664,32000,0,0,2769,0
10433,2,0,0,0,30209,32000,0,0,2178,0
10434,2,0,0,0,41729,32000,0,0,2179,0
10435,2,0,7,63,6912,33024,0,0,1658,0
10436,2,0,4,63,24577,34048,0,0,1638,0
10437,2,0,0,0,15106,35840,0,0,2699,0
10438,2,0,0,0,12290,36096,0,0,2696,0
10439,2,0,6,63,6145,37376,0,0,1648,0
10440,2,0,8,57,35330,38912,0,0,1635,0
10441,2,0,6,57,6656,39680,0,0,1655,0
10442,2,0,0,0,26112,40704,0,0,2177,0
10443,2,0,0,0,12288,41728,0,0,2176,0
10444,2,0,14,19,65280,43264,0,0,2763,0
10445,2,0,0,0,54017,45056,0,0,2188,0
10446,2,0,0,0,1538,45056,0,0,2189,0
10447,2,0,5,62,35586,45568,0,0,1636,0
10448,2,0,15,20,15104,47616,0,0,2767,0
10449,2,0,0,0,1282,55040,0,0,2191,0
10450,2,0,0,0,53761,55296,0,0,2190,0
10451,2,0,5,63,6656,59136,0,0,1656,0
10452,2,0,4,51,7168,60160,0,0,1657,0
10453,2,0,6,63,27905,1537,0,0,1634,0
10454,2,0,31,62,50688,12289,0,0,1642,0
10455,2,0,6,57,27905,13313,0,0,1633,0
10456,2,0,30,7,50432,14593,0,0,1643,0
10457,2,0,27,56,5634,25345,0,0,1624,0
10458,2,0,0,0,29441,27137,0,0,2168,0
10459,2,0,0,0,44033,27137,0,0,2169,0
10460,2,0,0,0,4354,27393,0,0,2172,0
10461,2,0,0,0,17922,27393,0,0,2173,0
10462,2,0,26,15,5378,29185,0,0,1625,0
10463,2,0,17,23,18946,33281,0,0,2761,0
10464,2,0,5,56,34562,45569,0,0,1659,0
10465,16,0,36,21,32003,50689,0,0,2734,0
10466,2,0,19,48,54021,53505,0,0,2751,0
10467,2,0,0,0,61956,58113,0,0,2746,0
10468,2,0,0,0,21509,62465,0,0,751,0
10469,2,0,0,0,7173,62977,0,0,748,0
10470,2,0,0,0,60164,65025,0,0,750,0
10471,2,0,0,0,53764,6402,0,0,676,0
10472,2,0,16,26,27142,10498,0,0,2754,0
10473,2,0,0,0,22534,12802,0,0,673,0
10474,2,0,0,0,10246,13826,0,0,675,0
10475,2,0,0,0,61956,14594,0,0,677,0
10476,2,0,0,0,28929,15618,0,0,2180,0
10477,2,0,0,0,40449,15618,0,0,2182,0
10478,2,0,0,0,55041,15618,0,0,2184,0
10479,2,0,0,0,2818,18690,0,0,2186,0
10480,2,0,4,58,32002,24066,0,0,1650,0
10481,2,0,0,0,3330,25090,0,0,2187,0
10482,2,0,0,0,33030,25090,0,0,749,0
10483,2,0,0,0,28929,25858,0,0,2181,0
10484,0,0,18,59,44293,25858,0,0,2976,0
10485,2,0,0,0,54785,26114,0,0,2185,0
10486,0,0,30,59,30981,26626,0,0,2974,0
10487,2,0,0,0,39681,27138,0,0,2183,0
10488,0,0,30,46,14597,30978,0,0,2972,0
10489,2,0,0,0,30470,35330,0,0,674,0
10490,0,0,3,26,54789,35586,0,0,2978,0
10491,0,0,36,29,16901,38658,0,0,2973,0
10492,2,0,9,36,39686,40194,0,0,2750,0
10493,0,0,28,53,30469,40450,0,0,2975,0
10494,0,0,26,56,45317,40450,0,0,2977,0
10495,2,0,0,0,62980,53506,0,0,2745,0
10496,2,0,38,48,21254,56322,0,0,2753,0
10497,2,0,31,62,49409,9475,0,0,1688,0
10498,2,0,31,62,33025,9731,0,0,1690,0
10499,2,0,31,62,16642,10755,0,0,1697,0
10500,2,0,6,63,23041,11267,0,0,1705,0
10501,2,0,27,7,32001,12035,0,0,1691,0
10502,2,0,29,8,48897,12035,0,0,1689,0
10503,2,0,16,22,31489,16899,0,0,2759,0
10504,2,0,11,33,19712,21763,0,0,2757,0
10505,2,0,33,54,17154,24323,0,0,1698,0
10506,2,0,13,56,26370,24835,0,0,1699,0
10507,2,0,4,63,28674,27651,0,0,1703,0
10508,2,0,7,15,26114,28675,0,0,1700,0
10509,2,0,4,28,17410,36867,0,0,1694,0
10510,2,0,31,62,26882,37123,0,0,1695,0
10511,2,0,3,56,21505,37379,0,0,1706,0
10512,2,0,4,52,1281,39171,0,0,1637,0
10513,2,0,31,62,8450,46083,0,0,1692,0
10514,2,0,31,62,57601,46339,0,0,1622,0
10515,2,0,28,8,56833,48643,0,0,1623,0
10516,2,0,28,8,7682,48643,0,0,1693,0
10517,2,0,22,54,22018,50691,0,0,1696,0
10518,2,0,0,0,39424,22276,0,0,2695,0
10519,2,0,0,0,34816,22532,0,0,2696,0
10520,2,0,0,0,36096,24324,0,0,2693,0
10521,2,0,0,0,30720,29444,0,0,2698,0
10522,16,0,0,0,53248,30980,0,0,2691,0
10523,2,0,12,20,6145,32004,0,0,2756,0
10524,2,0,16,17,20736,32260,0,0,2760,0
10525,0,0,0,0,54272,35588,0,0,3116,0
10526,0,0,26,40,48645,38916,0,0,2571,0
10527,2,0,30,20,64000,39172,0,0,2167,0
10528,2,0,12,20,13056,40708,0,0,2755,0
10529,0,0,0,0,27136,40708,0,0,3115,0
10530,0,0,0,0,9472,46852,0,0,3115,0
10531,0,0,0,0,21248,52484,0,0,3116,0
10532,0,0,0,0,10496,54532,0,0,3116,0
10533,0,0,0,0,12800,56068,0,0,3114,0
10534,2,0,0,0,28672,64260,0,0,2170,0
10535,2,0,0,0,42752,64772,0,0,2171,0
10536,2,0,6,57,33026,3077,0,0,1641,0
10537,0,0,0,0,10496,4101,0,0,3116,0
10538,0,0,0,0,22528,5637,0,0,3116,0
10539,2,0,31,62,63489,29445,0,0,1618,0
10540,2,0,26,8,62209,32005,0,0,1619,0
10541,2,0,31,62,60928,2566,0,0,1620,0
10542,2,0,29,8,60416,4870,0,0,1621,0
10543,2,0,3,52,2304,5126,0,0,1639,0
10544,0,0,10,22,52224,56064,0,0,3111,0
10545,0,0,34,51,51456,59904,0,0,3110,0
10546,18,0,11,25,4359,62976,0,0,3857,0
10547,18,0,10,25,62470,63488,0,0,3858,0
10548,18,0,12,21,65286,63488,0,0,3860,0
10549,18,0,13,25,2567,1793,0,0,3863,0
10550,18,0,10,25,38405,46337,0,0,3865,0
10551,18,0,12,20,43269,47105,0,0,3861,0
10552,18,0,6,12,37125,47361,0,0,3862,0
10553,18,0,12,20,35076,12034,0,0,3859,0
10554,18,0,30,42,41732,22274,0,0,3853,0
10555,16,0,0,0,29958,25858,0,0,3417,0
10556,16,0,0,0,46342,29442,0,0,3418,0
10557,16,0,31,18,38406,30978,0,0,3423,0
10558,16,0,36,64,38150,31234,0,0,3419,0
10559,18,0,23,48,60676,31490,0,0,3854,0
10560,18,0,24,51,49668,33538,0,0,3852,0
10561,16,0,4,63,46854,34050,0,0,3421,0
10562,16,0,1,6,47366,35842,0,0,3422,0
10563,16,0,1,21,29190,36610,0,0,3420,0
10564,18,0,29,42,47876,40962,0,0,3851,0
10565,18,0,13,25,36356,9219,0,0,3856,0
10566,18,0,11,25,18439,25604,0,0,3864,0
10567,18,0,23,48,9478,3077,0,0,3873,0
10568,2,0,31,63,29957,4096,0,0,980,0
10569,2,0,31,64,15621,4352,0,0,3577,0
10570,2,0,28,26,30213,11264,0,0,2620,0
10571,2,0,15,63,46850,12032,0,0,962,0
10572,2,0,31,63,58626,12032,0,0,958,0
10573,2,0,31,64,60672,12288,0,0,3577,0
10574,2,0,31,63,32257,12288,0,0,979,0
10575,2,0,31,63,65025,12288,0,0,978,0
10576,2,0,7,63,42754,12288,0,0,973,0
10577,2,0,7,63,58883,12288,0,0,967,0
10578,16,0,0,0,58374,12288,0,0,2634,0
10579,2,0,31,63,9475,13056,0,0,959,0
10580,16,0,32,56,53762,14336,0,0,2979,0
10581,2,0,0,0,25088,14848,0,0,3521,0
10582,16,0,31,61,44288,15104,0,0,2982,0
10583,2,0,19,46,18433,15360,0,0,2628,0
10584,2,0,24,11,31492,15616,0,0,2619,0
10585,16,0,32,56,15872,16384,0,0,2981,0
10586,2,0,35,64,45829,16384,0,0,3575,0
10587,2,0,13,28,38913,19456,0,0,2626,0
10588,2,0,11,62,10501,19968,0,0,995,0
10589,2,0,0,0,34561,20224,0,0,2633,0
10590,2,0,12,28,62721,22016,0,0,2627,0
10591,2,0,11,27,57605,22528,0,0,990,0
10592,2,0,35,64,49926,24576,0,0,3575,0
10593,2,0,23,50,49921,24832,0,0,2625,0
10594,2,0,16,24,16387,25600,0,0,2623,0
10595,2,0,11,62,2049,27904,0,0,991,0
10596,2,0,7,63,42754,28672,0,0,976,0
10597,2,0,7,63,58883,28672,0,0,970,0
10598,2,0,31,15,18437,28928,0,0,984,0
10599,2,0,31,16,25605,29184,0,0,983,0
10600,0,0,18,42,49666,32512,0,0,3118,0
10601,2,0,16,43,15875,34048,0,0,2621,0
10602,2,0,19,63,38917,41472,0,0,994,0
10603,2,0,31,15,36611,44544,0,0,965,0
10604,2,0,0,0,63746,50176,0,0,961,0
10605,2,0,19,63,25600,51456,0,0,989,0
10606,2,0,15,15,54535,52736,0,0,985,0
10607,2,0,14,63,28163,56832,0,0,966,0
10608,2,0,14,63,8451,57088,0,0,972,0
10609,2,0,11,63,37381,57600,0,0,988,0
10610,2,0,11,63,40965,57600,0,0,993,0
10611,2,0,20,35,14082,60416,0,0,2629,0
10612,0,0,20,54,42755,64000,0,0,2631,0
10613,2,0,0,0,63489,65280,0,0,2632,0
10614,2,0,7,31,9987,65280,0,0,977,0
10615,2,0,7,63,55041,1,0,0,982,0
10616,2,0,11,63,58881,1,0,0,993,0
10617,16,0,32,56,57602,2817,0,0,2980,0
10618,2,0,15,63,63492,8193,0,0,981,0
10619,2,0,11,27,51456,9473,0,0,996,0
10620,2,0,11,63,2821,9473,0,0,987,0
10621,0,0,20,54,50183,10753,0,0,2631,0
10622,2,0,7,63,1795,16129,0,0,968,0
10623,2,0,7,63,9987,16129,0,0,974,0
10624,0,0,12,26,17415,16129,0,0,2644,0
10625,0,0,0,0,1543,20225,0,0,2642,0
10626,0,0,23,53,3591,21761,0,0,2638,0
10627,2,0,15,15,6403,30977,0,0,963,0
10628,0,0,10,27,50951,35329,0,0,2640,0
10629,16,0,28,58,57088,39681,0,0,2796,0
10630,2,0,14,63,2051,43265,0,0,1021,0
10631,2,0,14,63,11011,43265,0,0,1020,0
10632,2,0,17,60,11011,48897,0,0,3574,0
10633,2,0,17,60,28675,48897,0,0,3574,0
10634,16,0,8,32,35072,49153,0,0,3126,0
10635,2,0,11,63,6403,49921,0,0,992,0
10636,0,0,9,32,18432,57345,0,0,3127,0
10637,2,0,24,64,51459,57345,0,0,3578,0
10638,2,0,24,64,55299,57345,0,0,3576,0
10639,0,0,10,17,11527,61441,0,0,2641,0
10640,0,0,9,32,18432,4098,0,0,3128,0
10641,2,0,7,15,39171,27906,0,0,986,0
10642,0,0,0,0,23303,28162,0,0,3303,0
10643,0,0,0,0,26887,29442,0,0,3304,0
10644,2,0,31,27,11779,32514,0,0,513,0
10645,2,0,15,57,2567,33282,0,0,3301,0
10646,2,0,31,27,61442,33538,0,0,514,0
10647,2,0,31,13,29954,34050,0,0,655,0
10648,2,0,7,15,9735,36610,0,0,2120,0
10649,2,0,9,25,15360,37122,0,0,532,0
10650,2,0,9,25,20480,37890,0,0,533,0
10651,2,0,3,4,35847,39426,0,0,2122,0
10652,2,0,29,35,61696,39682,0,0,3554,0
10653,2,0,36,45,42752,40450,0,0,3556,0
10654,2,0,8,50,19203,41730,0,0,654,0
10655,2,0,31,40,53761,43010,0,0,601,0
10656,2,0,5,10,49159,43010,0,0,2121,0
10657,2,0,15,49,42247,43778,0,0,3300,0
10658,2,0,0,0,1799,44290,0,0,3522,0
10659,2,0,24,64,9217,45058,0,0,3576,0
10660,2,0,23,33,43008,49410,0,0,2226,0
10661,2,0,11,55,8711,51970,0,0,3299,0
10662,2,0,31,16,28675,55042,0,0,656,0
10663,2,0,30,55,20736,56322,0,0,3558,0
10664,2,0,11,52,24327,59906,0,0,3302,0
10665,2,0,8,49,46337,65026,0,0,653,0
10666,2,0,20,37,50432,23555,0,0,2630,0
10667,2,0,0,0,13063,29699,0,0,3520,0
10668,2,0,6,60,17921,30979,0,0,3486,0
10669,2,0,10,60,22790,36611,0,0,3485,0
10670,2,0,6,60,8967,43779,0,0,3486,0
10671,2,0,28,61,38917,61443,0,0,2917,0
10672,2,0,0,0,28679,7428,0,0,3523,0
10673,2,0,22,10,50439,33028,0,0,3527,0
10674,2,0,17,18,33543,37636,0,0,3530,0
10675,2,0,7,14,23813,47108,0,0,3305,0
10676,2,0,25,19,26113,56580,0,0,3497,0
10677,2,0,7,17,14593,57348,0,0,3307,0
10678,2,0,27,50,56576,8965,0,0,3525,0
10679,2,0,22,9,4097,15621,0,0,3528,0
10680,0,0,10,60,47362,16645,0,0,3485,0
10681,2,0,13,25,50181,21253,0,0,3550,0
10682,2,0,29,55,4357,29957,0,0,3549,0
10683,2,0,31,48,32772,34053,0,0,3555,0
10684,0,0,10,17,31750,37381,0,0,2641,0
10685,2,0,6,22,46852,47877,0,0,458,0
10686,2,0,8,28,13317,49925,0,0,3552,0
10687,2,0,4,7,44804,50437,0,0,2007,0
10688,2,0,25,19,47365,50437,0,0,3499,0
10689,2,0,6,15,46852,54277,0,0,459,0
10690,2,0,23,51,43270,58629,0,0,2624,0
10691,2,0,0,0,25348,58885,0,0,536,0
10692,2,0,0,0,25860,61189,0,0,539,0
10693,2,0,27,11,46341,62213,0,0,3529,0
10694,2,0,11,29,34823,2310,0,0,2622,0
10695,2,0,11,30,45572,7174,0,0,2225,0
10696,2,0,31,20,56577,10758,0,0,503,0
10697,2,0,31,18,7170,11014,0,0,502,0
10698,2,0,7,8,38402,17920,0,0,214,0
10699,2,0,7,12,34562,20224,0,0,206,0
10700,2,0,7,63,11526,24576,0,0,982,0
10701,2,0,31,63,20230,24576,0,0,979,0
10702,2,0,31,63,36614,24576,0,0,980,0
10703,2,0,31,63,52998,24576,0,0,978,0
10704,2,0,15,63,65286,24576,0,0,981,0
10705,2,0,7,12,44036,24832,0,0,207,0
10706,2,0,7,12,39940,25088,0,0,206,0
10707,2,0,11,63,10502,25344,0,0,992,0
10708,2,0,11,63,54279,25600,0,0,987,0
10709,2,0,7,8,59904,26624,0,0,208,0
10710,2,0,7,10,55296,27136,0,0,209,0
10711,2,0,7,15,51200,30208,0,0,211,0
10712,2,0,11,27,10502,32256,0,0,996,0
10713,2,0,7,15,1793,32768,0,0,212,0
10714,2,0,4,15,49408,33280,0,0,217,0
10715,2,0,11,62,54279,41728,0,0,991,0
10716,2,0,11,18,56067,51200,0,0,195,0
10717,2,0,5,15,12035,52736,0,0,216,0
10718,2,0,31,20,24323,57856,0,0,189,0
10719,2,0,31,18,3590,60160,0,0,190,0
10720,2,0,4,15,16386,60928,0,0,215,0
10721,2,0,7,6,26114,62464,0,0,204,0
10722,2,0,15,18,39685,6913,0,0,194,0
10723,2,0,11,62,10758,8705,0,0,995,0
10724,2,0,31,15,28934,9729,0,0,984,0
10725,2,0,31,16,45318,9729,0,0,983,0
10726,2,0,19,63,5635,12801,0,0,989,0
10727,2,0,19,20,40707,15361,0,0,3905,0
10728,2,0,18,24,17667,17409,0,0,3906,0
10729,2,0,14,35,9475,18689,0,0,3904,0
10730,2,0,13,31,43268,20481,0,0,202,0
10731,2,0,20,37,5382,27905,0,0,2630,0
10732,2,0,16,36,11523,29185,0,0,3748,0
10733,2,0,7,9,34052,29185,0,0,210,0
10734,2,0,0,0,52741,31233,0,0,2632,0
10735,2,0,11,63,13830,36609,0,0,988,0
10736,2,0,12,28,2566,38401,0,0,2627,0
10737,2,0,12,15,38916,40193,0,0,200,0
10738,2,0,11,63,38661,40961,0,0,993,0
10739,2,0,23,50,58885,43777,0,0,2625,0
10740,2,0,5,15,36612,44033,0,0,218,0
10741,2,0,17,34,9987,44545,0,0,3911,0
10742,2,0,28,26,33542,44545,0,0,2620,0
10743,2,0,0,0,13830,46593,0,0,537,0
10744,2,0,11,27,44547,48385,0,0,990,0
10745,2,0,7,18,5380,49665,0,0,193,0
10746,2,0,11,29,14085,50177,0,0,2622,0
10747,2,0,15,15,58629,55297,0,0,985,0
10748,2,0,19,63,1798,2050,0,0,994,0
10749,2,0,0,0,36356,6402,0,0,961,0
10750,2,0,15,63,8196,20226,0,0,962,0
10751,2,0,12,63,13060,20482,0,0,1209,0
10752,2,0,11,63,35332,20482,0,0,1211,0
10753,2,0,7,63,6148,21250,0,0,998,0
10754,2,0,12,5,13060,22018,0,0,1210,0
10755,2,0,11,5,35332,22018,0,0,1212,0
10756,2,0,7,6,63745,24834,0,0,205,0
10757,2,0,15,57,12804,25858,0,0,3301,0
10758,2,0,15,57,37892,26114,0,0,3301,0
10759,2,0,12,21,61443,32514,0,0,3902,0
10760,2,0,31,63,53510,32514,0,0,958,0
10761,2,0,11,21,53764,33282,0,0,3903,0
10762,2,0,7,63,38662,33538,0,0,973,0
10763,2,0,31,63,4359,33538,0,0,959,0
10764,2,0,7,63,54791,33794,0,0,967,0
10765,2,0,7,31,38662,40962,0,0,977,0
10766,2,0,7,63,42755,41730,0,0,1019,0
10767,2,0,31,63,53253,48898,0,0,960,0
10768,2,0,7,63,54791,50178,0,0,970,0
10769,2,0,19,46,46341,51970,0,0,2628,0
10770,2,0,19,22,60677,52226,0,0,3910,0
10771,2,0,7,63,38659,52994,0,0,1022,0
10772,2,0,7,63,5893,52994,0,0,1017,0
10773,0,0,0,0,23556,54018,0,0,2646,0
10774,0,0,0,0,8708,54274,0,0,2645,0
10775,2,0,7,63,38662,57090,0,0,974,0
10776,0,0,0,0,8708,771,0,0,2647,0
10777,0,0,0,0,23556,1283,0,0,2648,0
10778,2,0,16,43,62981,6915,0,0,2621,0
10779,2,0,31,15,32518,16131,0,0,965,0
10780,2,0,0,20,22534,17667,0,0,997,0
10781,2,0,7,15,38147,19971,0,0,964,0
10782,2,0,15,15,20486,23555,0,0,963,0
10783,2,0,14,63,40454,28419,0,0,972,0
10784,2,0,7,15,41990,32515,0,0,975,0
10785,2,0,7,8,22274,34051,0,0,213,0
10786,2,0,14,63,15878,35843,0,0,966,0
10787,2,0,7,15,54791,37891,0,0,969,0
10788,2,0,19,45,6403,48899,0,0,530,0
10789,2,0,7,63,14086,48899,0,0,968,0
10790,2,0,19,26,6403,54531,0,0,531,0
10791,2,0,10,60,47365,58883,0,0,3485,0
10792,0,0,20,54,15366,65027,0,0,2631,0
10793,2,0,20,35,26374,65027,0,0,2629,0
10794,0,0,10,60,47366,65283,0,0,3485,0
10795,2,0,7,63,42757,772,0,0,976,0
10796,2,0,16,24,42758,8964,0,0,2623,0
10797,2,0,6,60,46341,13828,0,0,3486,0
10798,2,0,31,41,32515,28164,0,0,547,0
10799,2,0,31,41,8963,35588,0,0,541,0
10800,2,0,13,28,51462,51716,0,0,2626,0
10801,0,0,23,51,58886,59908,0,0,1321,0
10802,2,0,31,41,4611,60164,0,0,544,0
10803,2,0,31,41,31235,2821,0,0,545,0
10804,0,0,23,51,18182,6661,0,0,1321,0
10805,0,0,23,51,5638,43781,0,0,1321,0
10806,0,0,23,51,42502,48133,0,0,1321,0
10807,0,0,16,19,16135,54789,0,0,1944,0
10808,0,0,9,16,65286,55301,0,0,2088,0
10809,0,0,12,19,7175,55301,0,0,1945,0
10810,16,0,0,0,29189,4096,0,0,3388,0
10811,16,0,0,0,261,6144,0,0,3385,0
10812,16,0,0,0,24836,7680,0,0,3386,0
10813,16,0,0,0,61184,15872,0,0,3388,0
10814,16,0,0,0,58372,23808,0,0,3400,0
10815,16,0,0,0,30981,24320,0,0,3394,0
10816,16,0,0,0,38149,24320,0,0,3393,0
10817,16,0,0,0,54021,24320,0,0,3392,0
10818,16,0,0,0,29956,24832,0,0,3394,0
10819,16,0,0,0,5381,24832,0,0,3401,0
10820,16,0,0,0,13828,25088,0,0,3393,0
10821,16,0,0,0,62979,25344,0,0,3392,0
10822,16,0,0,0,49408,29440,0,0,3387,0
10823,16,0,0,0,28928,33024,0,0,1411,0
10824,16,0,23,29,36869,37888,0,0,3398,0
10825,16,0,23,29,30212,38656,0,0,3398,0
10826,16,0,0,0,55301,40704,0,0,3396,0
10827,16,0,0,0,60421,40704,0,0,3395,0
10828,16,0,0,0,49152,40960,0,0,1411,0
10829,16,0,0,0,8449,41216,0,0,1411,0
10830,16,0,0,0,60931,41728,0,0,3395,0
10831,16,0,0,0,7684,41728,0,0,3396,0
10832,16,0,0,0,31495,43520,0,0,3388,0
10833,16,0,0,0,44292,47104,0,0,3386,0
10834,16,0,32,64,51717,47104,0,0,3397,0
10835,16,0,24,64,64772,47616,0,0,3404,0
10836,16,0,7,64,7173,47616,0,0,3402,0
10837,16,0,0,0,23045,47616,0,0,3388,0
10838,16,0,32,64,16644,47872,0,0,3397,0
10839,16,0,0,0,14080,50688,0,0,3386,0
10840,16,0,12,14,53765,50688,0,0,3399,0
10841,16,0,12,14,14852,51456,0,0,3399,0
10842,16,0,24,15,1285,51456,0,0,3403,0
10843,16,0,0,0,51716,55552,0,0,3388,0
10844,16,0,0,0,36101,58624,0,0,3387,0
10845,16,0,0,0,7173,63744,0,0,3385,0
10846,16,0,0,0,16641,257,0,0,1411,0
10847,2,0,31,27,32519,2817,0,0,513,0
10848,2,0,31,27,46343,3329,0,0,514,0
10849,16,0,0,0,57344,8193,0,0,1411,0
10850,2,0,8,49,24839,8961,0,0,653,0
10851,16,0,0,0,60931,16129,0,0,3387,0
10852,16,0,0,0,49408,16641,0,0,1411,0
10853,16,0,0,0,1026,20993,0,0,3388,0
10854,16,0,0,0,1542,22529,0,0,3387,0
10855,16,0,19,59,32262,23553,0,0,1376,0
10856,16,0,0,0,41216,24833,0,0,1411,0
10857,16,0,11,62,21765,26625,0,0,1377,0
10858,16,0,0,0,6403,27649,0,0,3387,0
10859,16,0,16,53,16133,28929,0,0,1378,0
10860,16,0,11,62,28422,28929,0,0,1377,0
10861,16,0,0,0,5632,29953,0,0,3385,0
10862,16,0,0,0,28929,33025,0,0,1411,0
10863,16,0,11,62,26374,34817,0,0,1377,0
10864,16,0,16,53,11269,35585,0,0,1378,0
10865,16,0,16,53,22278,37633,0,0,1378,0
10866,16,0,19,59,3333,39681,0,0,1376,0
10867,16,0,16,53,22790,45057,0,0,1378,0
10868,16,0,0,0,30720,45825,0,0,3387,0
10869,16,0,19,59,29445,47873,0,0,1376,0
10870,16,0,0,0,257,49409,0,0,1411,0
10871,16,0,16,53,59653,49665,0,0,1378,0
10872,16,0,11,62,517,50433,0,0,1377,0
10873,16,0,19,59,64514,51201,0,0,1376,0
10874,16,0,19,59,18182,51457,0,0,1376,0
10875,16,0,0,0,28934,51969,0,0,3386,0
10876,16,0,0,0,37891,54017,0,0,3387,0
10877,16,0,16,53,13062,55297,0,0,1378,0
10878,16,0,0,0,32774,56065,0,0,3388,0
10879,16,0,16,53,1541,57089,0,0,1378,0
10880,16,0,0,0,20737,57601,0,0,1411,0
10881,16,0,20,59,47365,58625,0,0,1379,0
10882,16,0,11,62,62466,59393,0,0,1377,0
10883,16,0,16,53,10758,59905,0,0,1378,0
10884,16,0,16,53,45058,61185,0,0,1378,0
10885,16,0,0,0,47620,61697,0,0,3388,0
10886,16,0,19,59,61956,63233,0,0,1376,0
10887,16,0,16,53,1539,63745,0,0,1378,0
10888,16,0,11,62,56580,63745,0,0,1377,0
10889,16,0,16,53,51460,64001,0,0,1378,0
10890,16,0,16,53,40450,64513,0,0,1378,0
10891,16,0,19,59,51202,65281,0,0,1376,0
10892,16,0,11,62,6402,258,0,0,1377,0
10893,16,0,16,53,12802,258,0,0,1378,0
10894,16,0,19,59,19714,258,0,0,1376,0
10895,16,0,11,62,26114,514,0,0,1377,0
10896,16,0,17,62,2822,514,0,0,1380,0
10897,16,0,0,0,63494,514,0,0,3387,0
10898,16,0,16,53,33282,1026,0,0,1378,0
10899,16,0,11,62,30469,1026,0,0,1377,0
10900,16,0,0,0,44546,1282,0,0,3386,0
10901,16,0,16,53,59394,1794,0,0,1378,0
10902,16,0,0,0,37634,2562,0,0,3388,0
10903,16,0,19,59,44548,2562,0,0,1376,0
10904,16,0,11,62,38660,3842,0,0,1377,0
10905,16,0,11,62,64516,3842,0,0,1377,0
10906,16,0,19,59,770,4098,0,0,1376,0
10907,16,0,0,0,20737,4354,0,0,1411,0
10908,16,0,16,53,2051,5122,0,0,1378,0
10909,16,0,0,0,7937,5378,0,0,3386,0
10910,16,0,16,53,28676,5634,0,0,1378,0
10911,16,0,0,0,54786,6146,0,0,3385,0
10912,16,0,11,62,32260,6658,0,0,1377,0
10913,16,0,0,0,32258,8962,0,0,3388,0
10914,16,0,16,53,38148,8962,0,0,1378,0
10915,16,0,11,62,62980,10242,0,0,1377,0
10916,16,0,16,53,25350,11266,0,0,1378,0
10917,16,0,19,59,24836,11522,0,0,1376,0
10918,16,0,19,57,38405,11778,0,0,1381,0
10919,16,0,19,59,5635,12290,0,0,1376,0
10920,16,0,11,62,18182,12802,0,0,1377,0
10921,16,0,0,0,47366,13314,0,0,3388,0
10922,16,0,0,0,22275,14082,0,0,3388,0
10923,16,0,16,53,2821,14338,0,0,1378,0
10924,16,0,0,0,259,15618,0,0,3386,0
10925,16,0,11,62,19204,16130,0,0,1377,0
10926,16,0,19,59,11270,16386,0,0,1376,0
10927,16,0,0,0,57606,17154,0,0,3385,0
10928,16,0,19,59,44545,17410,0,0,1376,0
10929,16,0,16,53,9477,17666,0,0,1378,0
10930,16,0,19,59,11523,18690,0,0,1376,0
10931,16,0,11,62,5126,20482,0,0,1377,0
10932,16,0,16,53,14084,22530,0,0,1378,0
10933,16,0,11,62,39681,22786,0,0,1377,0
10934,16,0,19,59,48387,24322,0,0,1376,0
10935,16,0,11,62,10755,24834,0,0,1377,0
10936,16,0,11,62,2308,25090,0,0,1377,0
10937,16,0,19,59,61952,25602,0,0,1376,0
10938,16,0,0,0,2307,25858,0,0,3388,0
10939,16,0,11,62,41219,27650,0,0,1377,0
10940,16,0,16,53,62979,27906,0,0,1378,0
10941,16,0,11,62,8708,27906,0,0,1377,0
10942,16,0,16,53,6,27906,0,0,1378,0
10943,16,0,11,62,51717,28162,0,0,1377,0
10944,16,0,16,53,40449,28418,0,0,1378,0
10945,16,0,0,0,44801,29442,0,0,3386,0
10946,16,0,16,53,35587,30466,0,0,1378,0
10947,16,0,0,0,33024,31234,0,0,3387,0
10948,16,0,11,62,15875,32002,0,0,1377,0
10949,16,0,11,62,28931,32514,0,0,1377,0
10950,16,0,16,53,13060,32514,0,0,1378,0
10951,16,0,19,59,45573,32770,0,0,1376,0
10952,16,0,0,0,5379,33794,0,0,3388,0
10953,16,0,19,59,36609,34818,0,0,1376,0
10954,16,0,16,53,40965,35842,0,0,1378,0
10955,16,0,19,59,2054,35842,0,0,1376,0
10956,16,0,19,59,16132,36610,0,0,1376,0
10957,16,0,0,0,519,37378,0,0,3387,0
10958,16,0,19,59,23043,37634,0,0,1376,0
10959,16,0,16,53,16131,39426,0,0,1378,0
10960,16,0,11,62,62981,39938,0,0,1377,0
10961,16,0,0,0,8193,40194,0,0,3385,0
10962,16,0,16,53,39169,41474,0,0,1378,0
10963,16,0,16,53,59141,42754,0,0,1378,0
10964,16,0,19,59,41221,43778,0,0,1376,0
10965,16,0,19,59,30468,45314,0,0,1376,0
10966,16,0,16,53,17923,46082,0,0,1378,0
10967,16,0,16,53,44036,46850,0,0,1378,0
10968,16,0,16,53,37380,47618,0,0,1378,0
10969,16,0,0,0,19207,48386,0,0,3386,0
10970,16,0,19,59,41217,49410,0,0,1376,0
10971,16,0,11,62,45573,49666,0,0,1377,0
10972,16,0,11,62,47364,49922,0,0,1377,0
10973,16,0,16,53,12803,51714,0,0,1378,0
10974,16,0,16,53,51716,54786,0,0,1378,0
10975,16,0,11,62,38401,57858,0,0,1377,0
10976,16,0,11,62,14595,58370,0,0,1377,0
10977,16,0,16,53,50181,58370,0,0,1378,0
10978,16,0,0,0,19712,58626,0,0,3386,0
10979,16,0,11,62,55812,59394,0,0,1377,0
10980,16,0,0,0,8455,61698,0,0,3388,0
10981,16,0,16,53,42497,63234,0,0,1378,0
10982,16,0,19,59,60420,64514,0,0,1376,0
10983,16,0,19,59,48901,64770,0,0,1376,0
10984,16,0,11,62,18947,3,0,0,1377,0
10985,16,0,19,59,13571,4867,0,0,1376,0
10986,16,0,11,62,62212,4867,0,0,1377,0
10987,16,0,11,62,45057,5891,0,0,1377,0
10988,0,0,0,0,32256,6403,0,0,3638,0
10989,0,0,0,0,18432,7939,0,0,3637,0
10990,16,0,11,62,58884,8195,0,0,1377,0
10991,16,0,16,53,53764,12035,0,0,1378,0
10992,16,0,19,59,6403,12547,0,0,1376,0
10993,16,0,0,0,27906,13571,0,0,3386,0
10994,16,0,0,0,11009,16387,0,0,3388,0
10995,16,0,0,0,65030,16387,0,0,3386,0
10996,16,0,11,62,12035,16643,0,0,1377,0
10997,16,0,0,0,40965,16899,0,0,3385,0
10998,16,0,0,0,59649,17155,0,0,3385,0
10999,16,0,19,59,54788,18179,0,0,1376,0
11000,16,0,16,53,16387,21251,0,0,1378,0
11001,16,0,11,62,36867,21251,0,0,1377,0
11002,0,0,0,0,15616,22787,0,0,3639,0
11003,0,0,0,0,32000,22787,0,0,3640,0
11004,0,0,0,0,48384,22787,0,0,3641,0
11005,16,0,11,62,30211,23299,0,0,1377,0
11006,16,0,16,53,18435,27139,0,0,1378,0
11007,16,0,19,59,56324,27651,0,0,1376,0
11008,16,0,16,53,39939,28419,0,0,1378,0
11009,16,0,19,59,24579,29955,0,0,1376,0
11010,0,0,0,0,64768,31747,0,0,3642,0
11011,16,0,11,62,44289,32259,0,0,1377,0
11012,16,0,11,62,55812,33539,0,0,1377,0
11013,16,0,0,0,37889,33795,0,0,3386,0
11014,2,0,9,60,10496,35587,0,0,765,0
11015,16,0,16,53,43267,36099,0,0,1378,0
11016,16,0,16,53,50177,36611,0,0,1378,0
11017,16,0,0,0,12294,38659,0,0,3387,0
11018,0,0,0,0,16896,39171,0,0,3643,0
11019,0,0,0,0,33280,39171,0,0,3644,0
11020,0,0,0,0,49664,39171,0,0,3645,0
11021,16,0,11,62,50436,40451,0,0,1377,0
11022,16,0,11,62,54017,41219,0,0,1377,0
11023,16,0,11,62,44547,41475,0,0,1377,0
11024,16,0,0,0,61953,45059,0,0,3388,0
11025,16,0,0,0,34054,45827,0,0,3385,0
11026,16,0,16,53,45572,46083,0,0,1378,0
11027,16,0,19,59,23044,48643,0,0,1376,0
11028,16,0,11,62,29956,48643,0,0,1377,0
11029,16,0,19,59,49155,49155,0,0,1376,0
11030,16,0,19,59,38148,50179,0,0,1376,0
11031,16,0,16,53,57347,50691,0,0,1378,0
11032,16,0,11,62,16388,52739,0,0,1377,0
11033,16,0,0,0,35330,52995,0,0,3387,0
11034,16,0,0,0,262,53251,0,0,3387,0
11035,16,0,16,53,9732,53507,0,0,1378,0
11036,16,0,19,59,2052,53763,0,0,1376,0
11037,0,0,0,0,39424,54531,0,0,3646,0
11038,16,0,11,62,60675,54787,0,0,1377,0
11039,16,0,0,0,11266,58115,0,0,3386,0
11040,2,0,23,27,14592,58883,0,0,1026,0
11041,16,0,0,0,30725,60419,0,0,3388,0
11042,2,0,7,15,20736,60675,0,0,766,0
11043,16,0,0,0,38657,60675,0,0,3386,0
11044,16,0,0,0,1795,60675,0,0,3385,0
11045,16,0,0,0,29444,60675,0,0,3385,0
11046,2,0,31,40,26880,2308,0,0,600,0
11047,16,0,0,0,25604,6404,0,0,3386,0
11048,16,0,0,0,48901,8708,0,0,3388,0
11049,16,0,0,0,58115,11268,0,0,3386,0
11050,2,0,15,27,40192,13060,0,0,1029,0
11051,16,0,0,0,13828,16132,0,0,3385,0
11052,16,0,0,0,25858,18436,0,0,3388,0
11053,16,0,0,0,20486,18436,0,0,3386,0
11054,16,0,0,0,46081,20484,0,0,3387,0
11055,16,0,0,0,60418,21508,0,0,3388,0
11056,16,0,0,0,32259,22020,0,0,3388,0
11057,16,0,0,0,60164,23300,0,0,3387,0
11058,16,0,0,0,27394,27140,0,0,3388,0
11059,16,0,0,0,12035,28932,0,0,3386,0
11060,16,0,0,0,28165,31492,0,0,3386,0
11061,16,0,0,0,25858,46596,0,0,3385,0
11062,16,0,0,0,57857,50948,0,0,3388,0
11063,16,0,0,0,49157,61188,0,0,3388,0
11064,2,0,7,12,1537,61444,0,0,207,0
11065,2,0,7,15,6145,65028,0,0,212,0
11066,16,0,0,0,22019,2053,0,0,3388,0
11067,16,0,0,0,56322,8965,0,0,3386,0
11068,2,0,31,40,1,10245,0,0,601,0
11069,2,0,15,27,1792,23813,0,0,1030,0
11070,2,0,0,0,24832,35589,0,0,2598,0
11071,2,0,7,6,50688,39941,0,0,2596,0
11072,2,0,24,11,16128,40965,0,0,2595,0
11073,2,0,0,0,12032,45573,0,0,2597,0
11074,2,0,31,13,22277,53509,0,0,655,0
11075,2,0,15,18,16647,53765,0,0,506,0
11076,2,0,0,0,45056,56069,0,0,2601,0
11077,2,0,8,50,38147,57093,0,0,654,0
11078,2,0,13,8,26880,59909,0,0,2594,0
11079,2,0,0,0,42240,59909,0,0,2718,0
11080,2,0,31,20,35334,5126,0,0,503,0
11081,2,0,0,0,47360,5894,0,0,2717,0
11082,2,0,31,18,39170,9478,0,0,502,0
11083,16,0,0,0,21766,12551,0,0,3394,0
11084,16,0,0,0,5638,12807,0,0,3393,0
11085,16,0,0,0,54789,13063,0,0,3392,0
11086,16,0,23,29,22022,26375,0,0,3398,0
11087,16,0,0,0,52741,29447,0,0,3395,0
11088,16,0,0,0,65029,29447,0,0,3396,0
11089,16,0,32,64,8454,35591,0,0,3397,0
11090,16,0,12,14,6662,39175,0,0,3399,0
11091,2,0,7,63,18432,2560,0,0,819,0
11092,2,0,7,25,48643,3072,0,0,834,0
11093,2,0,31,34,38659,6912,0,0,885,0
11094,2,0,15,15,41472,7168,0,0,879,0
11095,2,0,31,39,9472,7680,0,0,886,0
11096,0,0,31,32,35841,7680,0,0,864,0
11097,0,0,0,0,32001,7936,0,0,865,0
11098,2,0,7,21,1024,8192,0,0,837,0
11099,2,0,9,14,36352,8448,0,0,881,0
11100,2,0,6,26,18432,9216,0,0,820,0
11101,2,0,32,63,7425,9984,0,0,1437,0
11102,0,0,34,64,58112,10240,0,0,3434,0
11103,2,0,31,48,59907,10752,0,0,888,0
11104,0,0,28,47,18690,12032,0,0,870,0
11105,0,0,23,35,45317,12544,0,0,862,0
11106,2,0,31,29,19975,13056,0,0,887,0
11107,2,0,31,53,46851,14336,0,0,873,0
11108,2,0,0,0,40451,14592,0,0,875,0
11109,2,0,31,53,28928,15104,0,0,877,0
11110,2,0,38,0,30976,15360,0,0,878,0
11111,2,0,10,63,45824,15360,0,0,1443,0
11112,0,0,31,63,52225,15616,0,0,866,0
11113,0,0,31,63,3074,15616,0,0,868,0
11114,0,0,32,46,23559,15616,0,0,3451,0
11115,2,0,11,63,18433,15872,0,0,1453,0
11116,0,0,36,63,8711,15872,0,0,3449,0
11117,2,0,31,23,57344,16128,0,0,1436,0
11118,0,0,10,47,34311,16128,0,0,3453,0
11119,2,0,7,56,28419,16640,0,0,821,0
11120,2,0,18,62,59907,17152,0,0,874,0
11121,0,0,0,0,2817,17408,0,0,2561,0
11122,2,0,18,62,15872,18176,0,0,876,0
11123,0,0,2,17,28162,18176,0,0,872,0
11124,2,0,7,24,38407,18432,0,0,832,0
11125,2,0,24,24,59398,18688,0,0,880,0
11126,2,0,7,57,1796,20224,0,0,825,0
11127,2,0,12,20,52995,20480,0,0,882,0
11128,2,0,7,44,5892,20480,0,0,823,0
11129,2,0,7,31,42247,20992,0,0,829,0
11130,0,0,30,21,55809,21248,0,0,867,0
11131,0,0,16,59,27649,23040,0,0,863,0
11132,2,0,7,12,517,24320,0,0,857,0
11133,2,0,7,20,46855,24320,0,0,830,0
11134,0,0,2,17,29186,24576,0,0,872,0
11135,2,0,31,20,10501,25088,0,0,852,0
11136,0,0,31,55,19202,25344,0,0,871,0
11137,0,0,23,39,4866,25856,0,0,869,0
11138,2,0,11,18,21765,26368,0,0,855,0
11139,2,0,23,23,22018,26624,0,0,884,0
11140,2,0,7,12,45060,26880,0,0,856,0
11141,2,0,31,18,31237,27392,0,0,853,0
11142,2,0,0,0,39687,27392,0,0,2718,0
11143,0,0,34,49,7943,28416,0,0,3450,0
11144,0,0,31,52,23559,29184,0,0,3452,0
11145,2,0,31,12,55300,29440,0,0,851,0
11146,2,0,0,0,17153,29952,0,0,3431,0
11147,2,0,7,25,31490,30720,0,0,836,0
11148,2,0,7,33,17409,30976,0,0,1446,0
11149,2,0,16,33,47104,31232,0,0,1444,0
11150,0,0,9,64,34311,32256,0,0,3454,0
11151,2,0,7,48,1796,32512,0,0,848,0
11152,16,0,17,18,5379,32768,0,0,3244,0
11153,2,0,0,0,41991,32768,0,0,2717,0
11154,2,0,7,48,5892,33024,0,0,824,0
11155,2,0,15,18,37124,33024,0,0,854,0
11156,2,0,11,15,34564,34816,0,0,861,0
11157,2,0,30,55,56064,38656,0,0,1459,0
11158,2,0,31,55,7169,38656,0,0,1461,0
11159,2,0,7,31,35078,38912,0,0,826,0
11160,2,0,31,14,7169,42496,0,0,1462,0
11161,2,0,7,48,26630,43008,0,0,822,0
11162,2,0,7,24,34822,43264,0,0,831,0
11163,2,0,8,61,47360,46592,0,0,1445,0
11164,2,0,6,61,17153,46592,0,0,1447,0
11165,2,0,30,31,56064,46848,0,0,1460,0
11166,0,0,23,56,22279,47104,0,0,3698,0
11167,0,0,21,63,34055,48384,0,0,3460,0
11168,2,0,28,23,49408,50432,0,0,883,0
11169,2,0,31,63,51975,51200,64,0,232,0
11170,0,0,17,48,15879,57344,0,0,3458,0
11171,2,0,0,0,41734,58112,0,0,2597,0
11172,0,0,0,0,19975,59648,0,0,3457,0
11173,0,0,17,48,32519,60928,0,0,3455,0
11174,0,0,15,13,32007,64256,0,0,3456,0
11175,2,0,7,31,50947,65024,0,0,828,0
11176,2,0,7,27,30981,65280,0,0,835,0
11177,2,0,7,24,40196,513,0,0,833,0
11178,0,0,16,34,15623,513,0,0,3459,0
11179,16,0,0,0,30983,15873,0,0,2565,0
11180,2,0,0,0,20999,42497,0,0,2568,0
11181,16,0,0,0,21255,42497,0,0,2567,0
11182,2,0,12,31,5121,50945,0,0,1441,0
11183,2,0,10,32,10754,51201,0,0,1451,0
11184,2,0,28,63,31745,55041,0,0,1433,0
11185,2,0,33,63,53506,59137,0,0,1431,0
11186,0,0,32,64,2,59393,0,0,3433,0
11187,2,0,10,54,10754,65025,0,0,1450,0
11188,0,0,0,0,38145,258,0,0,3148,0
11189,2,0,32,45,32769,1282,0,0,1434,0
11190,2,0,13,54,25858,3586,0,0,1449,0
11191,0,0,14,46,57857,4354,0,0,3870,0
11192,0,0,11,28,40961,4610,0,0,2560,0
11193,0,0,0,0,29442,4610,0,0,2562,0
11194,0,0,0,0,14343,4610,0,0,3516,0
11195,2,0,34,46,53762,5634,0,0,1432,0
11196,0,0,0,0,30727,8194,0,0,3517,0
11197,0,0,36,61,22791,8962,0,0,3512,0
11198,0,0,0,0,56066,9218,0,0,3440,0
11199,0,0,31,18,23047,9218,0,0,3518,0
11200,2,0,15,20,58113,10242,0,0,3871,0
11201,2,0,36,63,15361,12802,0,0,3131,0
11202,2,0,36,63,31745,12802,0,0,3132,0
11203,0,0,6,63,31751,13058,0,0,3513,0
11204,2,0,30,57,7427,13826,0,0,3442,0
11205,2,0,0,22,39937,14082,0,0,3135,0
11206,0,0,1,19,13831,14594,0,0,3515,0
11207,0,0,1,6,31751,14850,0,0,3514,0
11208,0,0,0,0,6147,15106,0,0,3437,0
11209,2,0,11,15,4865,19714,0,0,1442,0
11210,2,0,32,52,31745,20738,0,0,3134,0
11211,2,0,36,33,16385,21506,0,0,3133,0
11212,2,0,16,26,61697,30978,0,0,3699,0
11213,0,0,0,0,60417,31490,0,0,2561,0
11214,0,0,23,56,51201,31746,0,0,3698,0
11215,2,0,11,15,11010,34562,0,0,1452,0
11216,0,0,14,46,32514,35074,0,0,3870,0
11217,2,0,13,63,34816,36610,0,0,889,0
11218,2,0,29,63,15617,52994,0,0,1454,0
11219,2,0,31,63,65281,52994,0,0,1455,0
11220,2,0,31,23,65281,59138,0,0,1456,0
11221,16,0,6,11,55301,2819,0,0,2253,0
11222,16,0,10,14,7174,2819,0,0,2256,0
11223,16,0,8,15,11526,4099,0,0,2259,0
11224,16,0,10,14,60421,5123,0,0,2256,0
11225,16,0,6,14,41733,5379,0,0,2255,0
11226,16,0,8,17,46085,5379,0,0,2254,0
11227,16,0,8,14,65029,5379,0,0,2257,0
11228,16,0,10,14,37893,5635,0,0,2256,0
11229,16,0,8,15,50693,5635,0,0,2259,0
11230,16,0,6,14,6406,5891,0,0,2255,0
11231,16,0,8,17,10758,5891,0,0,2254,0
11232,16,0,6,18,59909,7427,0,0,2252,0
11233,0,0,18,42,5126,7427,0,0,3245,0
11234,16,0,6,11,37637,8195,0,0,2258,0
11235,16,0,8,14,53765,8195,0,0,2257,0
11236,16,0,6,11,11014,8451,0,0,2258,0
11237,16,0,8,15,45829,8707,0,0,2259,0
11238,16,0,9,14,6406,8707,0,0,2260,0
11239,16,0,8,15,774,9475,0,0,2259,0
11240,2,0,31,63,19969,22275,0,0,1439,0
11241,2,0,31,6,19969,24067,0,0,1440,0
11242,16,0,6,11,26630,24323,0,0,2253,0
11243,0,0,16,19,29447,24323,0,0,2740,0
11244,16,0,6,18,7942,24579,0,0,2252,0
11245,16,0,6,11,11526,24579,0,0,2253,0
11246,16,0,6,18,18438,24835,0,0,2252,0
11247,0,0,16,19,24583,26115,0,0,2740,0
11248,0,0,16,19,30215,27139,0,0,2740,0
11249,16,0,6,18,8966,27395,0,0,2252,0
11250,16,0,6,18,5638,27651,0,0,2252,0
11251,0,0,18,42,17926,28419,0,0,3245,0
11252,0,0,0,0,27649,29699,0,0,3163,0
11253,2,0,24,11,6407,30723,0,0,2595,0
11254,0,0,17,11,1537,30979,0,0,3160,0
11255,16,0,36,63,22018,31235,0,0,2773,0
11256,16,0,10,51,31746,31235,0,0,2774,0
11257,0,0,0,0,64000,32771,0,0,3158,0
11258,0,0,15,20,37633,34307,0,0,3162,0
11259,0,0,13,24,36609,40195,0,0,3159,0
11260,16,0,52,39,25858,41475,0,0,2775,0
11261,16,0,20,54,34050,45315,0,0,2776,0
11262,0,0,20,20,37889,47363,0,0,3161,0
11263,0,0,10,24,257,48131,0,0,3157,0
11264,2,0,0,0,9223,58627,0,0,3208,0
11265,0,0,40,60,22535,58627,0,0,3193,0
11266,0,0,27,63,35591,59139,0,0,3194,0
11267,2,0,0,0,43015,59139,0,0,3210,0
11268,2,0,0,0,25607,60931,0,0,3209,0
11269,2,0,36,63,21505,61187,0,0,1457,0
11270,2,0,0,0,64262,63747,0,0,2598,0
11271,0,0,2,37,45575,516,0,0,3197,0
11272,2,0,31,45,20225,7428,0,0,1458,0
11273,0,0,40,60,22535,8708,0,0,3195,0
11274,0,0,31,60,36615,9220,0,0,3196,0
11275,2,0,0,0,17667,15876,0,0,3355,0
11276,0,0,34,64,25090,22788,0,0,3436,0
11277,0,0,34,64,8707,26628,0,0,3434,0
11278,0,0,33,64,41218,26884,0,0,3432,0
11279,2,0,31,63,20225,30468,0,0,1435,0
11280,0,0,0,0,3587,32772,0,0,3702,0
11281,16,0,0,0,44546,33028,0,0,3242,0
11282,16,0,0,0,45826,34308,0,0,3242,0
11283,16,0,0,0,36610,35076,0,0,3241,0
11284,2,0,0,0,20487,35588,0,0,3203,0
11285,16,0,11,25,34562,35844,0,0,3239,0
11286,0,0,40,60,34055,35844,0,0,3198,0
11287,16,0,0,0,34818,36356,0,0,3242,0
11288,2,0,0,0,54535,36356,0,0,3205,0
11289,16,0,0,0,33282,36612,0,0,3241,0
11290,0,0,28,64,47367,36612,0,0,3199,0
11291,2,0,0,0,36871,38148,0,0,3204,0
11292,16,0,7,17,31234,38660,0,0,3240,0
11293,0,0,27,64,20737,39940,0,0,3695,0
11294,0,0,11,13,56066,40964,0,0,3701,0
11295,0,0,0,0,55553,45060,0,0,3439,0
11296,0,0,0,0,35841,48388,0,0,3441,0
11297,0,0,10,14,41474,49668,0,0,3700,0
11298,0,0,10,14,56578,51460,0,0,3700,0
11299,0,0,40,60,34055,51716,0,0,3200,0
11300,0,0,33,59,48391,51716,0,0,3201,0
11301,0,0,0,0,37377,56068,0,0,3438,0
11302,0,0,23,56,6401,56836,0,0,3698,0
11303,2,0,26,54,50433,60164,0,0,3443,0
11304,2,0,36,63,6915,63748,0,0,3144,0
11305,2,0,36,63,23299,63748,0,0,3145,0
11306,2,0,36,63,27395,6405,0,0,3147,0
11307,2,0,23,12,50182,4614,0,0,850,0
11308,0,0,0,0,57858,3328,0,0,2738,0
11309,0,0,0,0,15620,3328,0,0,2738,0
11310,0,0,0,0,55042,3840,0,0,2737,0
11311,0,0,0,0,64514,4608,0,0,2739,0
11312,0,0,0,0,13060,4608,0,0,2737,0
11313,2,0,23,27,29696,5376,0,0,2908,0
11314,2,0,26,31,64512,5376,0,0,2907,0
11315,2,0,30,40,51200,7168,0,0,2909,0
11316,2,0,25,25,56834,7168,0,0,2905,0
11317,0,0,16,19,34562,8704,0,0,2740,0
11318,0,0,16,19,5891,8704,0,0,2740,0
11319,2,0,26,31,5380,9216,0,0,2907,0
11320,2,0,23,12,24327,9728,0,0,898,0
11321,0,0,16,19,62722,11520,0,0,2740,0
11322,2,0,26,39,29698,12800,0,0,2906,0
11323,2,0,21,15,64768,13312,0,0,895,0
11324,2,0,7,12,34311,15104,0,0,896,0
11325,2,0,0,0,12803,15616,0,0,3430,0
11326,2,0,12,34,17155,15872,0,0,844,0
11327,2,0,26,39,7172,19968,0,0,2906,0
11328,2,0,30,40,31233,22272,0,0,2909,0
11329,2,0,30,63,17926,24320,0,0,894,0
11330,2,0,25,25,2820,25088,0,0,2905,0
11331,0,0,30,40,9473,27136,64,0,2909,0
11332,2,0,23,27,16129,27904,0,0,2908,0
11333,0,0,30,40,14339,29184,64,0,2909,0
11334,0,0,30,40,20230,29952,64,0,2909,0
11335,0,0,30,40,12032,31232,64,0,2909,0
11336,0,0,25,25,42240,32512,64,0,2905,0
11337,2,0,29,63,19458,32512,0,0,891,0
11338,2,0,25,63,15110,34048,0,0,846,0
11339,2,0,12,32,25094,35840,0,0,845,0
11340,2,0,31,20,53767,40704,0,0,900,0
11341,2,0,15,18,41735,41472,0,0,903,0
11342,2,0,12,34,19972,44288,0,0,839,0
11343,2,0,25,41,14598,44800,0,0,847,0
11344,2,0,12,32,19972,52480,0,0,840,0
11345,2,0,21,63,50180,53760,0,0,890,0
11346,0,0,31,38,28160,55040,10,0,602,0
11347,2,0,11,18,23303,56576,0,0,902,0
11348,0,0,28,40,43008,56832,10,0,603,0
11349,0,0,11,23,21504,60416,10,0,604,0
11350,0,0,31,29,31488,61440,10,0,605,0
11351,0,0,29,30,44544,63488,10,0,606,0
11352,2,0,21,63,13062,64256,0,0,893,0
11353,0,0,23,35,54535,1281,0,0,3947,0
11354,0,0,25,25,19200,1793,64,0,2905,0
11355,0,0,21,46,33536,5633,10,0,608,0
11356,0,0,25,39,44032,6657,10,0,609,0
11357,0,0,27,52,26624,7681,10,0,607,0
11358,0,0,30,40,7168,10497,64,0,2909,0
11359,2,0,7,12,60167,12545,0,0,897,0
11360,0,0,24,52,34816,16129,0,0,610,0
11361,0,0,25,25,9733,18433,64,0,2905,0
11362,0,0,30,40,11781,27393,64,0,2909,0
11363,0,0,30,40,34816,35073,64,0,2909,0
11364,0,0,25,25,37635,48385,64,0,2905,0
11365,0,0,30,40,23043,52481,64,0,2909,0
11366,0,0,23,43,60673,55809,0,0,1804,0
11367,0,0,25,25,53508,58369,64,0,2905,0
11368,0,0,12,0,57857,58625,0,0,1805,0
11369,0,0,30,40,8960,58881,64,0,2909,0
11370,0,0,35,62,54017,61697,0,0,1803,0
11371,0,0,30,40,44035,1026,64,0,2909,0
11372,0,0,30,40,60419,1282,64,0,2909,0
11373,0,0,31,18,42247,8194,0,0,901,0
11374,0,0,25,25,43777,9474,64,0,2905,0
11375,2,0,25,63,17408,20226,0,0,841,0
11376,0,0,25,25,1542,20994,64,0,2905,0
11377,0,0,25,25,2821,22530,64,0,2905,0
11378,0,0,25,25,40453,26114,64,0,2905,0
11379,0,0,30,40,55045,26370,64,0,2909,0
11380,2,0,25,41,17408,30978,0,0,842,0
11381,0,0,39,40,19715,35330,0,0,1800,0
11382,0,0,30,40,8706,37634,64,0,2909,0
11383,0,0,47,0,22787,38914,0,0,1802,0
11384,0,0,0,61,26115,41218,0,0,1801,0
11385,0,0,0,0,57088,45058,0,0,2739,0
11386,0,0,30,40,24577,45570,64,0,2909,0
11387,0,0,25,25,29956,47874,64,0,2905,0
11388,2,0,12,63,6151,49410,0,0,904,0
11389,0,0,25,25,33536,50690,64,0,2905,0
11390,0,0,25,25,51969,56322,64,0,2905,0
11391,0,0,25,25,35328,56834,64,0,2905,0
11392,0,0,30,40,30211,58626,64,0,2909,0
11393,0,0,30,40,41729,62466,64,0,2909,0
11394,2,0,21,15,40961,771,0,0,892,0
11395,0,0,30,40,33792,1539,64,0,2909,0
11396,0,0,0,0,43524,12547,0,0,802,0
11397,0,0,0,0,59140,12803,0,0,2964,0
11398,0,0,30,40,8964,15619,64,0,2909,0
11399,0,0,25,25,46853,16131,64,0,2905,0
11400,0,0,0,0,9989,16643,0,0,2965,0
11401,0,0,30,40,32517,17923,64,0,2909,0
11402,0,0,0,0,59140,28931,0,0,2967,0
11403,0,0,0,0,9989,28931,0,0,2968,0
11404,0,0,23,43,6660,38403,0,0,1804,0
11405,0,0,25,25,36611,39683,64,0,2905,0
11406,0,0,12,0,3844,41219,0,0,1805,0
11407,0,0,25,25,19461,42755,64,0,2905,0
11408,0,0,35,62,4,44291,0,0,1803,0
11409,0,0,0,0,10503,44291,0,0,2737,0
11410,0,0,0,0,3335,44803,0,0,2738,0
11411,0,0,31,18,56839,44803,0,0,901,0
11412,0,0,0,0,47620,45059,0,0,2969,0
11413,0,0,0,0,63236,45315,0,0,2970,0
11414,0,0,0,0,14087,45315,0,0,2739,0
11415,0,0,30,40,25859,49155,64,0,2909,0
11416,0,0,16,19,11271,51459,0,0,2740,0
11417,0,0,0,0,18951,53251,0,0,1013,0
11418,0,0,25,25,16642,59139,64,0,2905,0
11419,0,0,30,40,55299,8452,64,0,2909,0
11420,0,0,25,25,46085,8964,64,0,2905,0
11421,0,0,0,0,13061,11780,0,0,2738,0
11422,0,0,0,0,19205,12292,0,0,2739,0
11423,0,0,25,25,46851,13572,64,0,2905,0
11424,0,0,0,0,21509,13828,0,0,2737,0
11425,0,0,23,43,2821,16388,0,0,1804,0
11426,0,0,0,0,45060,19204,0,0,2737,0
11427,0,0,12,0,5,19204,0,0,1805,0
11428,0,0,16,19,15109,19460,0,0,2740,0
11429,0,0,35,62,61700,21508,0,0,1803,0
11430,0,0,30,40,38145,23556,64,0,2909,0
11431,0,0,25,25,21252,26372,64,0,2905,0
11432,0,0,25,25,5888,27396,64,0,2905,0
11433,0,0,25,25,64768,27652,64,0,2905,0
11434,0,0,25,25,17665,28932,64,0,2905,0
11435,0,0,30,40,8708,29188,64,0,2909,0
11436,0,0,30,40,61443,30468,64,0,2909,0
11437,0,0,25,25,28416,37636,64,0,2905,0
11438,0,0,25,25,54532,38148,64,0,2905,0
11439,0,0,25,25,41476,40196,64,0,2905,0
11440,0,0,39,40,27653,40708,0,0,1800,0
11441,0,0,0,0,9984,43780,0,0,2737,0
11442,0,0,30,40,18176,44292,64,0,2909,0
11443,0,0,47,0,31237,44292,0,0,1802,0
11444,0,0,25,25,41477,46340,64,0,2905,0
11445,0,0,0,61,34053,47108,0,0,1801,0
11446,0,0,25,25,8196,49412,64,0,2905,0
11447,0,0,30,40,29701,50436,64,0,2909,0
11448,0,0,25,25,21765,54276,64,0,2905,0
11449,0,0,25,25,28419,62468,64,0,2905,0
11450,0,0,30,40,45575,1029,64,0,2909,0
11451,0,0,30,40,18951,2053,64,0,2909,0
11452,0,0,31,59,31493,5381,0,0,1000,0
11453,0,0,31,59,47877,5381,0,0,1001,0
11454,0,0,25,25,57856,5637,64,0,2905,0
11455,0,0,25,25,6915,7685,64,0,2905,0
11456,0,0,19,43,41478,7941,0,0,1860,0
11457,0,0,19,43,57862,7941,0,0,1861,0
11458,0,0,19,43,8711,7941,0,0,1862,0
11459,0,0,19,43,25095,7941,0,0,1863,0
11460,0,0,19,43,41479,7941,0,0,1864,0
11461,0,0,29,60,63749,9477,0,0,1002,0
11462,0,0,31,63,19973,11013,0,0,999,0
11463,0,0,30,40,62978,14853,64,0,2909,0
11464,0,0,0,0,21253,14853,0,0,1011,0
11465,0,0,31,63,49925,16901,0,0,1005,0
11466,0,0,30,40,22277,17413,64,0,2909,0
11467,0,0,31,63,56581,20485,0,0,1006,0
11468,0,0,31,63,33541,21765,0,0,1004,0
11469,0,0,25,25,15621,22533,64,0,2905,0
11470,0,0,25,25,25093,23301,64,0,2905,0
11471,0,0,19,43,41478,24325,0,0,1865,0
11472,0,0,19,43,57862,24325,0,0,1866,0
11473,0,0,19,43,8711,24325,0,0,1867,0
11474,0,0,19,43,25095,24325,0,0,1868,0
11475,0,0,19,43,41479,24325,0,0,1869,0
11476,0,0,29,62,3334,25349,0,0,1008,0
11477,0,0,0,2,8710,27141,0,0,1012,0
11478,0,0,30,63,17925,27397,0,0,1003,0
11479,0,0,18,36,10501,27909,0,0,1014,0
11480,0,0,31,63,55302,28421,0,0,2230,0
11481,0,0,31,63,6151,28421,0,0,2231,0
11482,0,0,4,31,15623,28421,0,0,2234,0
11483,0,0,11,17,16901,30469,0,0,1015,0
11484,0,0,0,2,37381,31237,0,0,1012,0
11485,0,0,18,18,6919,33285,0,0,2233,0
11486,0,0,22,34,1542,34309,0,0,1009,0
11487,0,0,31,63,52997,36869,0,0,1007,0
11488,0,0,31,32,59398,36869,0,0,2232,0
11489,0,0,19,43,2822,37381,0,0,1016,0
11490,0,0,0,0,54278,37381,0,0,2228,0
11491,0,0,19,43,41222,40709,0,0,1870,0
11492,0,0,19,43,41735,40709,0,0,1872,0
11493,0,0,19,43,32519,40965,0,0,1871,0
11494,0,0,30,40,6661,44549,64,0,2909,0
11495,0,0,31,63,50438,48133,0,0,2227,0
11496,0,0,0,0,43526,48389,0,0,2229,0
11497,0,0,30,40,11520,51461,64,0,2909,0
11498,0,0,25,25,35328,52485,64,0,2905,0
11499,0,0,25,25,15110,55813,64,0,2905,0
11500,0,0,19,43,41222,57093,0,0,1873,0
11501,0,0,19,43,17671,57093,0,0,1875,0
11502,0,0,19,43,33287,57093,0,0,1876,0
11503,0,0,30,40,8193,61189,64,0,2909,0
11504,0,0,30,40,17670,63237,64,0,2909,0
11505,0,0,19,43,57606,5382,0,0,1874,0
11506,0,0,30,40,34816,7686,64,0,2909,0
11507,0,0,19,43,17415,7942,0,0,1877,0
11508,0,0,30,40,27141,11270,64,0,2909,0
11509,2,0,9,63,23040,24064,0,0,500,0
11510,2,0,9,63,58624,24064,0,0,499,0
11511,2,0,9,63,22784,32512,0,0,492,0
11512,2,0,9,63,58624,32768,0,0,491,0
11513,2,0,0,0,5382,33024,0,0,2714,0
11514,2,0,9,63,5376,48640,0,0,495,0
11515,2,0,9,63,10241,48640,0,0,493,0
11516,0,0,21,61,50438,48640,0,0,3002,0
11517,2,0,0,0,58371,58368,0,0,2715,0
11518,2,0,7,26,4864,60416,0,0,486,0
11519,2,0,7,26,64517,61184,0,0,484,0
11520,2,0,13,8,39936,62208,0,0,2594,0
11521,0,0,15,60,57606,1,0,0,3003,0
11522,2,0,20,39,19968,4865,0,0,487,0
11523,2,0,20,39,61952,4865,0,0,488,0
11524,2,0,31,27,56833,10497,0,0,482,0
11525,2,0,15,11,30210,10497,0,0,1787,0
11526,2,0,14,6,3841,15873,0,0,1790,0
11527,2,0,13,7,19971,16129,0,0,1791,0
11528,2,0,30,17,54017,16897,0,0,1779,0
11529,2,0,7,11,47362,18433,0,0,1789,0
11530,2,0,29,53,61441,21249,0,0,1762,0
11531,2,0,9,63,53249,23809,0,0,1847,0
11532,2,0,9,63,4098,23809,0,0,1848,0
11533,2,0,31,63,26114,23809,0,0,1849,0
11534,2,0,7,59,39170,27137,0,0,1788,0
11535,2,0,30,55,61442,28417,0,0,1763,0
11536,2,0,22,59,13057,29441,0,0,1784,0
11537,2,0,15,59,47105,30977,0,0,1786,0
11538,2,0,9,63,2561,32257,0,0,1766,0
11539,2,0,26,63,41218,32257,0,0,1853,0
11540,2,0,23,11,13313,32513,0,0,1785,0
11541,2,0,31,15,61698,32513,0,0,1780,0
11542,2,0,9,63,19203,32513,0,0,1767,0
11543,2,0,31,62,65029,34561,0,0,1889,0
11544,2,0,31,62,39173,34817,0,0,1886,0
11545,2,0,7,52,46597,34817,0,0,2147,0
11546,2,0,7,52,50693,34817,0,0,2192,0
11547,2,0,20,63,25350,34817,0,0,1890,0
11548,2,0,7,64,54789,35073,0,0,1888,0
11549,2,0,3,23,4097,38145,0,0,1769,0
11550,2,0,10,23,19459,38401,0,0,1770,0
11551,2,0,9,63,45569,40193,0,0,1850,0
11552,2,0,9,63,61441,40193,0,0,1851,0
11553,2,0,9,63,22530,40193,0,0,1852,0
11554,2,0,25,24,63493,41217,0,0,1893,0
11555,2,0,7,25,42501,41473,0,0,2148,0
11556,2,0,20,28,36357,42241,0,0,1891,0
11557,2,0,7,29,54789,42241,0,0,1892,0
11558,2,0,18,30,24838,42753,0,0,1894,0
11559,2,0,0,0,7682,44545,0,0,1857,0
11560,2,0,21,47,39938,44545,0,0,1854,0
11561,2,0,9,63,2561,44801,0,0,1765,0
11562,2,0,6,47,21251,44801,0,0,1771,0
11563,2,0,34,33,55553,48897,0,0,1855,0
11564,2,0,18,33,2306,48897,0,0,1856,0
11565,2,0,23,33,26114,48897,0,0,1858,0
11566,2,0,21,16,39938,48897,0,0,1859,0
11567,2,0,12,57,26630,50177,0,0,1896,0
11568,2,0,11,56,34053,50433,0,0,1895,0
11569,2,0,7,47,2049,60929,0,0,1772,0
11570,2,0,15,63,40448,61185,0,0,475,0
11571,2,0,17,63,27910,61185,0,0,1897,0
11572,2,0,7,63,17920,61441,0,0,474,0
11573,2,0,22,63,33797,61441,0,0,1898,0
11574,0,0,16,58,28673,64769,0,0,3045,0
11575,2,0,24,63,6657,2818,0,0,1916,0
11576,0,0,0,35,4358,3074,0,0,3005,0
11577,0,0,35,42,62469,3586,0,0,3004,0
11578,2,0,19,36,33029,5122,0,0,1900,0
11579,2,0,18,36,28166,5122,0,0,1899,0
11580,2,0,22,29,9473,6402,0,0,1776,0
11581,2,0,29,62,16899,7682,0,0,1775,0
11582,2,0,26,29,12547,11266,0,0,1773,0
11583,0,0,12,27,37124,12034,0,0,3042,0
11584,0,0,27,33,25095,12034,0,0,3040,0
11585,2,0,7,52,51974,17922,0,0,1887,0
11586,0,0,16,58,49154,20226,0,0,3045,0
11587,2,0,19,27,11264,28674,0,0,483,0
11588,0,0,31,33,35079,32258,0,0,3041,0
11589,2,0,15,27,58115,35074,0,0,485,0
11590,0,0,27,63,61185,40194,0,0,3043,0
11591,0,0,27,63,32770,40450,0,0,3043,0
11592,2,0,9,63,63488,41218,0,0,489,0
11593,0,0,7,48,4357,48130,0,0,2208,0
11594,0,0,7,48,8197,48130,0,0,2208,0
11595,2,0,23,63,6401,49154,0,0,476,0
11596,0,0,26,62,61188,49154,0,0,2203,0
11597,0,0,18,63,15109,49154,0,0,2210,0
11598,0,0,7,48,56582,49154,0,0,2208,0
11599,0,0,7,48,59142,49154,0,0,2208,0
11600,0,0,26,62,47878,50178,0,0,2203,0
11601,0,0,18,63,519,50178,0,0,2210,0
11602,0,0,12,27,37380,52994,0,0,3042,0
11603,2,0,16,11,60673,56066,0,0,1777,0
11604,0,0,27,33,25095,56578,0,0,3040,0
11605,2,0,9,15,63491,61954,0,0,494,0
11606,2,0,7,15,25857,64002,0,0,497,0
11607,0,0,18,61,42758,2307,0,0,2205,0
11608,0,0,18,61,18181,3075,0,0,2204,0
11609,16,0,32,63,7170,3843,0,0,3370,0
11610,16,0,26,63,22018,3843,0,0,3371,0
11611,2,0,12,63,8195,4611,0,0,3846,0
11612,0,0,26,62,23302,4611,0,0,2203,0
11613,0,0,23,53,32006,4867,0,0,2202,0
11614,0,0,18,63,39685,5635,0,0,2210,0
11615,0,0,23,53,28933,5891,0,0,2202,0
11616,16,0,17,11,3330,6915,0,0,3237,0
11617,16,0,21,11,25346,6915,0,0,3372,0
11618,0,0,18,61,3591,11011,0,0,2204,0
11619,0,0,18,61,60167,11011,0,0,2205,0
11620,0,0,18,61,18692,11779,0,0,2204,0
11621,0,0,18,61,56068,11779,0,0,2205,0
11622,0,0,7,56,26375,11779,0,0,2207,0
11623,0,0,7,56,41479,11779,0,0,2207,0
11624,0,0,7,56,37380,12547,0,0,2207,0
11625,0,0,7,48,22279,12547,0,0,2208,0
11626,0,0,7,48,33543,12547,0,0,2208,0
11627,0,0,7,48,37383,12547,0,0,2208,0
11628,0,0,23,53,14343,13827,0,0,2202,0
11629,0,0,7,53,30471,13827,0,0,2206,0
11630,0,0,23,53,49415,13827,0,0,2202,0
11631,0,0,23,53,29444,14595,0,0,2202,0
11632,0,0,23,53,45572,14595,0,0,2202,0
11633,2,0,24,11,28929,15107,0,0,2595,0
11634,0,0,0,5,38405,17667,0,0,3466,0
11635,0,0,0,5,5638,17667,0,0,3471,0
11636,0,0,0,0,54789,17923,0,0,3467,0
11637,0,0,0,6,17670,17923,0,0,3472,0
11638,2,0,0,0,52995,20227,0,0,2718,0
11639,0,0,9,28,55045,55555,0,0,3121,0
11640,0,0,9,28,36102,55555,0,0,3121,0
11641,0,0,9,24,32263,56323,0,0,3819,0
11642,2,0,0,0,49922,3588,0,0,2597,0
11643,0,0,13,26,8454,5636,0,0,3822,0
11644,2,0,17,63,25351,7940,0,0,3835,0
11645,2,0,7,16,51462,12292,0,0,3831,0
11646,2,0,13,44,56326,14596,0,0,3832,0
11647,2,0,9,15,1794,16132,0,0,496,0
11648,2,0,12,45,49669,20228,0,0,3828,0
11649,0,0,7,45,55557,20228,0,0,3824,0
11650,2,0,6,45,43013,20996,0,0,3825,0
11651,2,0,17,64,52231,21252,0,0,3836,0
11652,0,0,9,24,6663,26884,0,0,3820,0
11653,0,0,10,16,47367,35588,0,0,3818,0
11654,2,0,6,16,9989,44036,0,0,3826,0
11655,2,0,7,6,32512,58884,0,0,2596,0
11656,0,0,9,28,43780,65284,0,0,3821,0
11657,0,0,9,24,56325,5637,0,0,3820,0
11658,0,0,9,24,62726,14597,0,0,3819,0
11659,0,0,9,28,43525,15877,0,0,3821,0
11660,0,0,9,24,18180,27909,0,0,3819,0
11661,2,0,0,0,51714,30725,0,0,2717,0
11662,0,0,10,16,40199,34565,0,0,3818,0
11663,0,0,9,28,30725,43781,0,0,3821,0
11664,0,0,0,0,62209,57093,0,0,3462,0
11665,0,0,0,0,10754,57349,0,0,3463,0
11666,2,0,6,17,26372,58629,0,0,3829,0
11667,2,0,11,41,30212,61445,0,0,3830,0
11668,0,0,10,16,18948,1030,0,0,3818,0
11669,0,0,0,64,27138,7942,0,0,3652,0
11670,2,0,20,37,4096,6912,0,0,3032,0
11671,2,0,14,37,3844,6912,0,0,3035,0
11672,2,0,18,37,37123,8448,0,0,3031,0
11673,2,0,15,37,36103,8704,0,0,3036,0
11674,2,0,26,57,27904,12288,0,0,3030,0
11675,2,0,31,63,20996,12288,0,0,3321,0
11676,2,0,25,57,28164,12288,0,0,3034,0
11677,2,0,14,27,21508,19200,0,0,3322,0
11678,2,0,31,63,17156,25856,0,0,3319,0
11679,2,0,23,48,7936,28160,0,0,236,0
11680,2,0,29,50,24320,28672,0,0,237,0
11681,2,0,41,63,54022,29952,0,0,3323,0
11682,2,0,23,61,263,29952,0,0,3324,0
11683,2,0,31,63,8448,32000,64,0,234,0
11684,2,0,27,59,23808,32000,64,0,235,0
11685,2,0,24,63,64004,32000,0,0,3328,0
11686,2,0,23,63,51463,32256,0,0,3331,0
11687,2,0,13,34,51459,33536,0,0,233,0
11688,2,0,36,64,50692,34304,0,0,3327,0
11689,2,0,31,63,51459,40960,64,0,232,0
11690,2,0,31,63,50688,45568,64,0,147,0
11691,2,0,28,63,51712,45568,0,0,149,0
11692,2,0,23,63,65024,45568,0,0,150,0
11693,2,0,25,59,1,45568,64,0,148,0
11694,2,0,44,46,54020,46080,0,0,3329,0
11695,2,0,9,55,60164,46336,0,0,3330,0
11696,2,0,42,63,56838,46336,0,0,3325,0
11697,2,0,13,63,263,46336,0,0,3326,0
11698,2,0,5,4,61696,46848,0,0,152,0
11699,2,0,14,7,56064,47616,0,0,151,0
11700,2,0,31,63,6405,50688,0,0,3315,0
11701,0,0,21,59,18946,55552,0,0,3008,0
11702,0,0,21,59,18950,55552,0,0,3008,0
11703,2,0,14,34,6405,59648,0,0,3316,0
11704,2,0,23,56,32774,59648,0,0,3018,0
11705,0,0,31,63,44546,60160,0,0,3014,0
11706,0,0,31,63,44550,60160,0,0,3014,0
11707,0,0,31,63,36353,60928,0,0,270,0
11708,0,0,31,63,36357,60928,0,0,270,0
11709,2,0,27,56,33538,61184,0,0,3024,0
11710,2,0,29,53,52485,65280,0,0,3020,0
11711,2,0,15,36,56326,65280,0,0,3017,0
11712,2,0,27,51,51713,769,0,0,3026,0
11713,2,0,15,37,21249,3073,0,0,3023,0
11714,0,0,28,33,43778,3329,0,0,3016,0
11715,0,0,28,33,43782,3329,0,0,3016,0
11716,0,0,31,33,36353,4097,0,0,271,0
11717,0,0,31,33,36357,4097,0,0,271,0
11718,2,0,27,38,44038,5889,0,0,3033,0
11719,2,0,19,58,57602,6913,0,0,3025,0
11720,2,0,27,38,44546,7937,0,0,3029,0
11721,2,0,15,36,27393,9217,0,0,3028,0
11722,2,0,0,36,28165,9985,0,0,3022,0
11723,2,0,28,45,18433,10497,0,0,3027,0
11724,2,0,35,45,20741,11265,0,0,3021,0
11725,0,0,31,63,5379,14849,0,0,270,0
11726,0,0,31,63,5383,14849,0,0,270,0
11727,0,0,31,63,7425,15361,0,0,3014,0
11728,0,0,31,63,7429,15361,0,0,3014,0
11729,0,0,31,33,5379,23553,0,0,271,0
11730,0,0,31,33,5383,23553,0,0,271,0
11731,0,0,28,33,6657,24065,0,0,3016,0
11732,0,0,28,33,6661,24065,0,0,3016,0
11733,0,0,21,47,59392,37889,0,0,3012,0
11734,0,0,21,47,59396,37889,0,0,3012,0
11735,0,0,21,47,21251,38145,0,0,3012,0
11736,0,0,21,47,22023,38145,0,0,3012,0
11737,0,0,22,27,59648,45057,0,0,3013,0
11738,0,0,22,27,59652,45057,0,0,3013,0
11739,0,0,22,27,21507,45313,0,0,3013,0
11740,0,0,22,27,22279,45313,0,0,3013,0
11741,16,0,25,55,2562,56833,0,0,3633,0
11742,16,0,25,55,2566,56833,0,0,3633,0
11743,16,0,20,64,17154,60161,0,0,3634,0
11744,16,0,20,64,17158,60161,0,0,3634,0
11745,0,0,24,26,62208,62209,0,0,3192,0
11746,0,0,24,26,62212,62209,0,0,3192,0
11747,16,0,29,22,7170,62465,0,0,3635,0
11748,16,0,15,9,15874,62465,0,0,3636,0
11749,16,0,29,22,7174,62465,0,0,3635,0
11750,16,0,15,9,15878,62465,0,0,3636,0
11751,0,0,24,31,21763,62977,0,0,3011,0
11752,0,0,24,31,23303,63489,0,0,3011,0
11753,2,0,20,58,57092,11522,0,0,3019,0
11754,0,0,31,56,8451,15362,0,0,3015,0
11755,0,0,31,56,8455,15362,0,0,3015,0
11756,0,0,31,63,3841,16386,0,0,270,0
11757,0,0,31,63,3845,16386,0,0,270,0
11758,0,0,28,33,7683,23810,0,0,3016,0
11759,0,0,28,33,7687,23810,0,0,3016,0
11760,0,0,31,33,3841,25090,0,0,271,0
11761,0,0,31,33,3845,25090,0,0,271,0
11762,0,0,31,56,29185,48130,0,0,3015,0
11763,0,0,31,63,48898,48130,0,0,3014,0
11764,0,0,31,56,29189,48130,0,0,3015,0
11765,0,0,31,63,48902,48130,0,0,3014,0
11766,0,0,28,33,28417,56578,0,0,3016,0
11767,0,0,28,33,28421,56578,0,0,3016,0
11768,0,0,28,33,48130,56834,0,0,3016,0
11769,0,0,28,33,48134,56834,0,0,3016,0
11770,0,0,21,59,18434,61954,0,0,3008,0
11771,0,0,21,59,18438,61954,0,0,3008,0
11772,2,0,14,35,40453,47619,0,0,3317,0
11773,2,0,15,63,8192,16128,0,0,962,0
11774,2,0,31,63,36608,16128,0,0,958,0
11775,2,0,31,63,3841,16128,0,0,960,0
11776,2,0,31,63,59906,16384,0,0,980,0
11777,2,0,9,25,35079,16384,0,0,2220,0
11778,2,0,23,33,51207,16384,0,0,2226,0
11779,2,0,31,63,20480,17152,0,0,959,0
11780,2,0,7,63,34306,17152,0,0,967,0
11781,2,0,11,63,35588,17408,0,0,987,0
11782,2,0,7,63,5888,17664,0,0,973,0
11783,2,0,11,63,51714,17664,0,0,992,0
11784,2,0,9,25,30983,17664,0,0,533,0
11785,2,0,0,36,15876,18688,0,0,3090,0
11786,2,0,0,0,18946,20224,0,0,2718,0
11787,2,0,0,0,9984,20480,0,0,2717,0
11788,2,0,9,25,33287,20736,0,0,532,0
11789,2,0,9,25,27398,20992,0,0,2221,0
11790,16,0,18,30,36609,24064,0,0,2999,0
11791,16,0,18,30,3841,24320,0,0,2999,0
11792,2,0,31,16,21251,25600,0,0,983,0
11793,2,0,27,32,22533,25600,0,0,520,0
11794,2,0,18,53,40198,27136,0,0,2217,0
11795,2,0,13,63,55046,29952,0,0,2913,0
11796,2,0,18,51,38405,31232,0,0,2216,0
11797,2,0,11,62,39684,31488,0,0,995,0
11798,2,0,11,30,52999,32256,0,0,2225,0
11799,2,0,11,62,35588,33280,0,0,991,0
11800,2,0,7,63,34306,33536,0,0,970,0
11801,2,0,7,63,5888,34048,0,0,976,0
11802,2,0,27,28,34567,34304,0,0,542,0
11803,2,0,19,63,8707,37888,0,0,989,0
11804,2,0,19,63,34563,37888,0,0,994,0
11805,2,0,33,60,25093,40704,0,0,2912,0
11806,2,0,30,63,40453,40704,0,0,2916,0
11807,2,0,11,63,36611,48896,0,0,993,0
11808,2,0,11,63,55811,48896,0,0,988,0
11809,2,0,7,63,16131,49152,0,0,982,0
11810,2,0,14,22,39424,53760,0,0,3217,0
11811,2,0,11,27,35588,54016,0,0,990,0
11812,2,0,0,36,18435,58368,0,0,3088,0
11813,2,0,12,48,61953,59648,0,0,3212,0
11814,0,0,0,36,26881,61696,0,0,3666,0
11815,2,0,16,22,61697,65280,0,0,3213,0
11816,2,0,16,63,45056,1,0,0,3214,0
11817,2,0,0,0,30721,2561,0,0,2719,0
11818,16,0,24,52,45312,7169,0,0,1142,0
11819,16,0,24,52,61697,7425,0,0,1142,0
11820,0,0,26,31,40707,9217,0,0,2048,0
11821,2,0,44,38,50944,12289,0,0,3081,0
11822,2,0,0,36,56320,13569,0,0,3082,0
11823,2,0,28,58,44037,16129,0,0,2918,0
11824,2,0,10,25,30215,17153,0,0,522,0
11825,2,0,21,41,10758,19457,0,0,3505,0
11826,2,0,31,48,28165,24065,0,0,3555,0
11827,2,0,0,0,49157,28417,0,0,536,0
11828,2,0,11,63,58374,28929,0,0,2915,0
11829,2,0,12,63,46855,29697,0,0,2914,0
11830,2,0,16,52,45056,32513,0,0,3215,0
11831,2,0,16,61,61441,32513,0,0,3216,0
11832,2,0,11,63,50434,32769,0,0,993,0
11833,2,0,15,63,11011,32769,0,0,981,0
11834,2,0,0,36,45058,35073,0,0,3085,0
11835,2,0,21,32,9990,40961,0,0,3061,0
11836,2,0,27,28,18439,41985,0,0,517,0
11837,2,0,31,15,260,43521,0,0,984,0
11838,2,0,18,46,28677,49665,0,0,516,0
11839,2,0,0,36,52226,52225,0,0,3083,0
11840,0,0,16,19,59653,52737,0,0,1944,0
11841,0,0,9,16,50949,52993,0,0,2090,0
11842,2,0,0,36,61442,55297,0,0,3087,0
11843,2,0,28,61,64517,3842,0,0,2917,0
11844,16,0,24,52,45056,7426,0,0,1142,0
11845,16,0,24,52,61441,7426,0,0,1142,0
11846,2,0,24,11,18436,11522,0,0,2595,0
11847,2,0,0,36,64002,24322,0,0,3092,0
11848,2,0,31,15,12288,31490,0,0,965,0
11849,2,0,0,36,9989,34562,0,0,3086,0
11850,2,0,9,19,35334,40962,0,0,2223,0
11851,2,0,0,0,46598,41730,0,0,537,0
11852,2,0,14,63,6657,43778,0,0,1020,0
11853,2,0,14,63,44033,44546,0,0,1021,0
11854,2,0,8,20,41222,45570,0,0,523,0
11855,2,0,0,36,53764,54018,0,0,3089,0
11856,2,0,0,36,2821,58370,0,0,3093,0
11857,2,0,0,36,61444,58882,0,0,3091,0
11858,0,0,26,31,6917,1539,0,0,2048,0
11859,2,0,7,15,63748,4099,0,0,986,0
11860,2,0,0,0,46596,31747,0,0,2597,0
11861,2,0,30,46,7175,8452,0,0,3559,0
11862,2,0,29,57,28935,8964,0,0,3557,0
11863,2,0,0,0,4103,17156,0,0,538,0
11864,2,0,29,35,60677,20740,0,0,3554,0
11865,2,0,30,55,28679,35588,0,0,3558,0
11866,2,0,13,8,1539,55044,0,0,2594,0
11867,2,0,0,36,11525,16133,0,0,3084,0
11868,2,0,0,0,3332,31237,0,0,2601,0
11869,2,0,0,0,11523,46341,0,0,2598,0
11870,2,0,7,6,44038,47109,0,0,2596,0
11871,2,0,31,27,32519,64005,0,0,513,0
11872,2,0,15,15,44801,64517,0,0,985,0
11873,2,0,31,27,16391,6,0,0,514,0
11874,2,0,15,18,5127,2310,0,0,506,0
11875,2,0,7,15,3079,3846,0,0,212,0
11876,2,0,31,20,22021,5638,0,0,503,0
11877,2,0,31,13,58886,5894,0,0,655,0
11878,2,0,7,15,3079,6406,0,0,211,0
11879,2,0,31,15,37893,6918,0,0,504,0
11880,2,0,8,50,39687,7942,0,0,654,0
11881,2,0,31,18,62213,8710,0,0,502,0
11882,2,0,15,18,50181,8966,0,0,505,0
11883,0,0,12,23,13575,29952,0,0,3943,0
11884,16,0,30,51,54020,52480,0,0,954,0
11885,16,0,27,59,41476,52736,0,0,953,0
11886,16,0,32,63,52230,11521,0,0,1114,0
11887,16,0,10,29,37127,11521,0,0,1129,0
11888,16,0,10,29,18179,13057,0,0,2397,0
11889,16,0,6,10,14337,6915,0,0,2491,0
13999,16,0,0,0,39937,9220,0,0,2087,0
30000,16,0,0,0,15104,6913,0,0,1050,0
30001,16,0,0,0,6148,8451,0,0,1343,0
30002,16,0,5,14,10240,36353,0,0,1163,0
30003,16,0,0,0,4352,39425,0,0,811,0
30004,16,0,0,0,48897,49668,0,0,2099,0
30006,16,0,7,13,22276,33280,0,0,3608,0
30007,16,0,0,0,6,16644,0,0,2344,0
30008,16,0,0,0,58629,17412,0,0,2343,0
30010,16,0,0,0,36097,36097,0,0,1173,0
30011,16,0,0,0,55808,34050,0,0,812,0
30012,16,0,3,7,34561,52228,0,0,2101,0
30013,16,0,3,7,41985,51460,0,0,2100,0
30014,16,0,0,0,40706,49668,0,0,2726,0
30015,16,0,0,0,65280,49412,0,0,2029,0
30016,16,0,3,4,17409,50436,0,0,2037,0
30017,16,0,0,0,24065,49156,0,0,2038,0
30018,16,0,4,8,9730,51972,0,0,2093,0
30020,16,0,5,8,59137,52228,0,0,2095,0
30021,16,0,6,9,46341,19460,0,0,2161,0
30023,16,0,0,0,8193,49156,0,0,2036,0
30024,16,0,2,3,57600,49924,0,0,2024,0
30025,16,0,2,4,49920,50180,0,0,2023,0
30026,16,0,0,0,12295,44036,0,0,741,0
30027,16,0,0,0,514,52736,0,0,712,0
30028,16,0,0,0,53504,3587,0,0,2553,0
30029,16,0,7,11,257,7171,0,0,2490,0
30031,16,0,0,0,12545,49408,0,0,708,0
30032,16,0,7,10,12034,52992,0,0,713,0
30033,16,0,4,8,2050,52228,0,0,2094,0
30034,16,0,0,0,17666,50180,0,0,2388,0
30035,16,0,0,0,40710,40193,0,0,1593,0
30036,16,0,4,8,46598,42753,0,0,1594,0
30037,16,0,0,0,49154,49412,0,0,3735,0
30038,16,0,6,4,59136,50432,0,0,3651,0
30039,16,0,0,0,50688,49408,0,0,3650,0
30040,16,0,0,0,20481,50432,0,0,709,0
30041,16,0,0,0,6145,21250,0,0,813,0
30042,16,0,0,0,9472,12801,0,0,1037,0
30043,16,0,5,13,5638,5380,0,0,3099,0
30044,16,0,0,0,31750,40961,0,0,1595,0
30045,16,0,0,0,25601,34562,0,0,815,0
30047,16,0,0,0,11524,29696,0,0,3607,0
30048,16,0,7,13,34053,13571,0,0,3056,0
30049,16,0,7,13,26373,13827,0,0,642,0
30050,16,0,0,0,34819,61186,0,0,3611,0
30052,16,0,7,13,18180,24323,0,0,3682,0
30053,16,0,6,10,42757,38147,0,0,1745,0
30054,16,0,6,6,37381,62978,0,0,786,0
30055,16,0,4,15,34821,19204,0,0,1041,0
30056,16,0,0,0,60418,53248,0,0,2396,0
30057,16,0,0,0,35843,53248,0,0,925,0
30058,16,0,0,0,4,5889,0,0,3654,0
30059,16,0,0,0,1284,52997,0,0,3655,0
30060,16,0,0,0,18689,27141,0,0,3656,0
30061,16,0,0,0,15104,61955,0,0,3657,0
30062,16,0,0,0,6914,49921,0,0,1285,0
30063,16,0,0,0,50176,49665,0,0,1277,0
30064,16,0,6,13,17922,52225,0,0,1286,0
30065,16,0,5,13,58885,12803,0,0,3100,0
30066,16,0,4,11,42757,12803,0,0,1287,0
30067,16,0,0,0,49665,49409,0,0,1283,0
30068,16,0,0,0,34049,49665,0,0,1281,0
30069,16,0,0,0,56322,49409,0,0,1289,0
31002,16,0,0,0,1536,260,0,0,1969,0
31003,16,0,0,0,5632,4,0,0,1969,0
31004,16,0,0,0,9984,260,0,0,1969,0
31005,16,0,0,0,13568,260,0,0,1969,0
31006,16,0,0,0,17152,260,0,0,1969,0
31010,16,0,0,0,21504,4,0,0,1969,0
31011,16,0,0,0,25600,260,0,0,1969,0
31012,16,0,0,0,30464,65283,0,0,1969,0
31013,16,0,0,0,34304,4,0,0,1969,0
31014,16,0,0,0,38656,65283,0,0,1969,0
31020,16,0,0,0,42240,65283,0,0,1969,0
31021,16,0,0,0,46592,4,0,0,1969,0
31022,16,0,0,0,50688,4,0,0,1969,0
31023,16,0,0,0,54528,4,0,0,1969,0
31024,16,0,0,0,58368,65283,0,0,1969,0
31030,16,0,0,0,62976,4,0,0,1969,0
31031,16,0,0,0,1025,4,0,0,1969,0
31032,16,0,0,0,5121,4,0,0,1969,0
31033,16,0,0,0,9985,4,0,0,1969,0
31034,16,0,0,0,13569,65283,0,0,1969,0
31040,16,0,0,0,17153,65283,0,0,1969,0
31041,16,0,0,0,22273,4,0,0,1969,0
31042,16,0,0,0,25345,65283,0,0,1969,0
31045,16,0,0,0,30209,4,0,0,1969,0
31046,16,0,0,0,33537,4,0,0,1969,0
31047,16,0,0,0,42241,260,0,0,1969,0
31055,16,0,0,0,46337,260,0,0,1969,0
31056,16,0,0,0,50689,65283,0,0,1969,0
31060,16,0,0,0,58369,65283,0,0,1969,0
31061,16,0,0,0,54529,65283,0,0,1969,0
31200,16,0,0,0,19202,36353,0,0,1176,0
31201,16,0,24,24,20487,38913,0,0,1174,0
31202,16,0,0,0,18694,11521,0,0,1084,0
31203,16,0,0,0,35334,11521,0,0,1085,0
31204,16,0,0,0,36870,31233,0,0,1591,0
31205,16,0,0,0,34053,58629,0,0,3936,0
31206,16,0,0,0,46597,58373,0,0,3939,0
31207,16,0,0,0,42501,58373,0,0,3938,0
31208,16,0,7,14,52741,62213,0,0,3940,0
31209,16,0,0,0,29445,57605,0,0,3935,0
31210,16,0,0,0,17157,57093,0,0,3933,0
31211,16,0,0,0,8453,57605,0,0,3932,0
31212,16,0,0,0,23301,57349,0,0,3934,0
31213,16,0,0,0,24832,50436,0,0,2327,0
31300,16,0,0,0,41986,260,0,0,1596,0
31301,16,0,0,0,46082,260,0,0,1596,0
31302,16,0,0,0,50178,260,0,0,1596,0
31303,16,0,0,0,54530,260,0,0,1596,0
31304,16,0,0,0,58370,4,0,0,1596,0
31310,16,0,0,0,62978,65283,0,0,1596,0
31311,16,0,0,0,515,260,0,0,1596,0
31312,16,0,0,0,5123,260,0,0,1596,0
31313,16,0,0,0,9475,516,0,0,1596,0
31314,16,0,0,0,13571,260,0,0,1596,0
31320,16,0,0,0,17923,260,0,0,1596,0
31321,16,0,0,0,21251,4,0,0,1596,0
31322,16,0,0,0,25859,260,0,0,1596,0
31323,16,0,0,0,29699,260,0,0,1596,0
31324,16,0,0,0,34051,260,0,0,1596,0
31330,16,0,0,0,38403,260,0,0,1596,0
31331,16,0,0,0,42755,4,0,0,1596,0
31332,16,0,0,0,46083,4,0,0,1596,0
31333,16,0,0,0,49411,4,0,0,1596,0
31334,16,0,0,0,54019,260,0,0,1596,0
31340,16,0,0,0,58627,260,0,0,1596,0
31341,16,0,0,0,63235,260,0,0,1596,0
31342,16,0,0,0,1028,65283,0,0,1596,0
31343,16,0,0,0,5636,4,0,0,1596,0
31344,16,0,0,0,8964,4,0,0,1596,0
31350,16,0,0,0,13572,65283,0,0,1596,0
31351,16,0,0,0,16644,4,0,0,1596,0
31352,16,0,0,0,21508,4,0,0,1596,0
31360,16,0,0,0,25604,4,0,0,1596,0
31361,16,0,0,0,30212,4,0,0,1596,0
31362,16,0,0,0,33796,4,0,0,1596,0
31363,16,0,0,0,38148,4,0,0,1596,0
31370,16,0,0,0,41988,4,0,0,1596,0
31371,16,0,0,0,46340,4,0,0,1596,0
31372,16,0,0,0,49668,4,0,0,1596,0
31373,16,0,0,0,54532,65027,0,0,1596,0
31380,16,0,0,0,58372,4,0,0,1596,0
31381,16,0,0,0,62724,4,0,0,1596,0
31390,16,0,0,0,773,4,0,0,1596,0
31400,16,0,0,0,41477,2052,0,0,3539,0
31401,16,0,0,0,46853,2052,0,0,3540,0
31402,16,0,0,0,17669,2308,0,0,3535,0
31403,16,0,0,0,36613,1796,0,0,3537,0
31404,16,0,0,0,28421,1796,0,0,3538,0
31405,16,0,0,0,51461,2052,0,0,3887,0
31406,16,0,0,0,17413,5124,0,0,3885,0
31407,16,0,0,0,24069,4612,0,0,3883,0
31408,16,0,0,0,29957,4868,0,0,3884,0
31409,16,0,0,0,35845,5124,0,0,3886,0
31410,16,0,0,0,41989,4868,0,0,3889,0
31411,16,0,0,0,46597,4868,0,0,3888,0
31412,16,0,0,0,52229,4868,0,0,3890,0
31413,16,0,0,0,17413,7684,0,0,3891,0
31414,16,0,0,0,22789,7172,0,0,3892,0
31416,16,0,0,0,28933,7172,0,0,3541,0
31900,16,0,4,11,22535,3076,0,0,1294,0
31901,16,0,5,10,46599,3076,0,0,3545,0
31910,16,0,5,10,43015,2820,0,0,3544,0
31911,16,0,6,13,34823,3332,0,0,1297,0
31920,16,0,4,13,38919,3332,0,0,3543,0
31921,16,0,4,15,18951,3076,0,0,1293,0
31925,16,0,4,15,14087,3332,0,0,1292,0
31930,16,0,7,12,9991,3332,0,0,1291,0
31935,16,0,0,0,768,48643,0,0,2092,0
31940,16,0,5,10,38918,3076,0,0,1978,0
31941,16,0,3,7,22534,2564,0,0,1974,0
31942,16,0,3,7,55046,3076,0,0,1982,0
31950,16,0,2,3,14086,1796,0,0,1972,0
31951,16,0,4,12,42758,3588,0,0,1979,0
31952,16,0,0,0,58885,1284,0,0,2293,0
31960,16,0,6,10,35078,3076,0,0,1977,0
31961,16,0,0,0,9990,516,0,0,1971,0
31962,16,0,0,0,62981,1540,0,0,2294,0
31970,16,0,3,8,26630,2308,0,0,1975,0
31971,16,0,5,10,51206,3588,0,0,1981,0
31972,16,0,5,10,31238,3076,0,0,1976,0
31973,16,0,5,10,6150,2564,0,0,1970,0
31980,16,0,1,5,47110,2820,0,0,1980,0
31981,16,0,2,3,2054,1540,0,0,2292,0
31990,16,0,2,4,18182,2052,0,0,1973,0
32000,16,0,11,26,49410,40192,0,0,25,0
32001,16,0,17,30,41730,41216,0,0,3917,0
32002,16,0,15,52,58114,44800,0,0,598,0
32003,16,0,9,31,32514,41216,0,0,779,0
